PRAGMA foreign_keys=OFF;
BEGIN TRANSACTION;
CREATE TABLE soundscape (id INTEGER PRIMARY KEY,name TEXT,tempo REAL,meter_nominator INTEGER,meter_denominator INTEGER);
INSERT INTO "soundscape" VALUES(106,'parque del guinard\u00f3',2.0,4,4);
CREATE TABLE location (id INTEGER PRIMARY KEY,soundscape_id INTEGER,latitude REAL,longitude REAL,radius REAL,volume REAL,distance_scale_parameter REAL);
INSERT INTO "location" VALUES(968,106,41.4186596855734,2.1720434725284576416e+00,19.0,1.25893,0.0104713);
INSERT INTO "location" VALUES(975,106,4.14189669226677210662e+01,2.17226408421993255615e+00,19.0,1.0,0.0218776);
INSERT INTO "location" VALUES(976,106,4.14193239393965342278e+01,2.17252828180789947509e+00,28.0,0.863973,0.0162181);
INSERT INTO "location" VALUES(978,106,4.14197790071699500913e+01,2.17287495732307434082e+00,29.0,0.857531,0.0104713);
INSERT INTO "location" VALUES(979,106,4.14194079134686248249e+01,2.17254906892776489257e+00,19.0,0.0461318,0.025704);
INSERT INTO "location" VALUES(980,106,4.14193827715429421223e+01,2.17159152030944824218e+00,31.0,1.0,0.0104713);
INSERT INTO "location" VALUES(981,106,4.14195074754016872003e+01,2.17364743351936340332e+00,13.0,0.340604,0.0234423);
INSERT INTO "location" VALUES(982,106,41.4202154669683,2.17317938804626464843e+00,25.0,0.316228,0.0104713);
INSERT INTO "location" VALUES(1105,106,4.14211366489852395034e+01,2.17379093170166,31.0,0.735783,0.0104713);
INSERT INTO "location" VALUES(1106,106,41.4206458898864,2.17346906661987304687e+00,28.0,0.184608,0.0104713);
PRAGMA writable_schema=ON;
INSERT INTO sqlite_master(type,name,tbl_name,rootpage,sql)VALUES('table','location_index','location_index',0,'CREATE VIRTUAL TABLE location_index USING rtree (id, min_latitude, max_latitude, min_longitude, max_longitude)');
CREATE TABLE "location_index_node"(nodeno INTEGER PRIMARY KEY, data BLOB);
INSERT INTO "location_index_node" VALUES(1,X'0000000A00000000000003C84225AC884225ACE2400AFF06400B067F00000000000003CF4225ACD84225AD34400B02A4400B0A1C00000000000003D04225AD214225ADA7400B0533400B103600000000000003D24225AD964225AE1F400B0AAF400B161500000000000003D34225AD4C4225ADA7400B074E400B0EC700000000000003D44225AD284225ADBC400AF543400B017300000000000003D54225AD734225ADB3400B1A7C400B1F9900000000000003D64225AE124225AE88400B1075400B1A4900000000000004514225AEF54225AF88400B194C400B257C00000000000004524225AE7A4225AF00400B149C400B1FA00000000000000000000000000000000000000000000000000000000000000000000000000000000000000000000000000000000000000000000000000000000000000000000000000000000000000000000000000000000000000000000000000000000000000000000000000000000000000000000000000000000000000000000000000000000000000000000000000000000000000000000000000000000000000000000000000000000000000000000000000000000000000000000000000000000000000000000000000000000000000000000000000000000000000000000000000000000000000000000000000000000000000000000000000000000000000000000000000000000000000000000000000000000000000000000000000000000000000000000000000000000000000000000000000000000000000000000000000000000000000000000000000000000000000000000000000000000000000000000000000000000000000000000000000000000000000000000000000000000000000000000000000000000000000000000000000000000000000000000000000000000000000000000000000000000000000000000000000000000000000000000000000000000000000000000000000000000000000000000000000000000000000000000000000000000000000000000000000000000000000000000000000000000000000000000000000000000000000000000000000000000000000000000000000000000000000000000000000000000000000000000000000000000000000000000000000000000000000000000000000000000000000000000000000000000000000000000000000000000000000000000000000000000000000000000000000000000000000000000000000000000000000000000000000000000000000000000000000000000000000000000000000000000000000000000000000000000000000000');
CREATE TABLE "location_index_rowid"(rowid INTEGER PRIMARY KEY, nodeno INTEGER);
INSERT INTO "location_index_rowid" VALUES(968,1);
INSERT INTO "location_index_rowid" VALUES(975,1);
INSERT INTO "location_index_rowid" VALUES(976,1);
INSERT INTO "location_index_rowid" VALUES(978,1);
INSERT INTO "location_index_rowid" VALUES(979,1);
INSERT INTO "location_index_rowid" VALUES(980,1);
INSERT INTO "location_index_rowid" VALUES(981,1);
INSERT INTO "location_index_rowid" VALUES(982,1);
INSERT INTO "location_index_rowid" VALUES(1105,1);
INSERT INTO "location_index_rowid" VALUES(1106,1);
CREATE TABLE "location_index_parent"(nodeno INTEGER PRIMARY KEY, parentnode INTEGER);
CREATE TABLE sound (id INTEGER PRIMARY KEY,data TEXT);
INSERT INTO "sound" VALUES(752,'http://api.dev.locosonic.com/system/uploads/location_sound/file/752/white-noise-10-takte.wav');
INSERT INTO "sound" VALUES(753,'http://api.dev.locosonic.com/system/uploads/location_sound/file/753/bass-clean-10-takte.wav');
INSERT INTO "sound" VALUES(754,'http://api.dev.locosonic.com/system/uploads/location_sound/file/754/white-noise-9-takte.wav');
INSERT INTO "sound" VALUES(755,'http://api.dev.locosonic.com/system/uploads/location_sound/file/755/bass-clean-9-takte.wav');
INSERT INTO "sound" VALUES(756,'http://api.dev.locosonic.com/system/uploads/location_sound/file/756/bass-clean-9-2voice-takte.wav');
INSERT INTO "sound" VALUES(757,'http://api.dev.locosonic.com/system/uploads/location_sound/file/757/bass-verzerrt.wav');
INSERT INTO "sound" VALUES(759,'http://api.dev.locosonic.com/system/uploads/location_sound/file/759/gitarre-clean-bridge.wav');
INSERT INTO "sound" VALUES(760,'http://api.dev.locosonic.com/system/uploads/location_sound/file/760/bass-verzerrt-bridge.wav');
INSERT INTO "sound" VALUES(761,'http://api.dev.locosonic.com/system/uploads/location_sound/file/761/drum-core.wav');
INSERT INTO "sound" VALUES(764,'http://api.dev.locosonic.com/system/uploads/location_sound/file/764/ride-16tel.wav');
INSERT INTO "sound" VALUES(765,'http://api.dev.locosonic.com/system/uploads/location_sound/file/765/bird_chirps2.wav');
INSERT INTO "sound" VALUES(767,'http://api.dev.locosonic.com/system/uploads/location_sound/file/767/vocoder-noise.wav');
INSERT INTO "sound" VALUES(768,'http://api.dev.locosonic.com/system/uploads/location_sound/file/768/vocoder-pitch.wav');
CREATE TABLE sound_file_info (sound_id INTEGER,channels INTEGER,sample_rate REAL,frames INTEGER);
CREATE TABLE location_sound (id INTEGER PRIMARY KEY,location_id INTEGER,sound_id INTEGER,volume REAL,onset_quantization REAL,onset_quantization_phase REAL,offset_quantization REAL,offset_quantization_phase REAL,duration REAL,repetitions REAL);
INSERT INTO "location_sound" VALUES(817,968,752,0.0869961,-1.0,0.0,-4.0,0.0,0.0,0.0);
INSERT INTO "location_sound" VALUES(818,975,752,0.324526,-4.0,0.0,-9.0,0.0,0.0,0.0);
INSERT INTO "location_sound" VALUES(819,975,753,1.0,-4.0,0.0,-9.0,0.0,0.0,0.0);
INSERT INTO "location_sound" VALUES(820,976,754,0.203002,-9.0,0.0,-9.0,0.0,0.0,0.0);
INSERT INTO "location_sound" VALUES(821,976,755,0.56918,-9.0,0.0,-9.0,0.0,0.0,0.0);
INSERT INTO "location_sound" VALUES(822,976,756,0.863973,-9.0,0.0,-9.0,0.0,0.0,0.0);
INSERT INTO "location_sound" VALUES(823,978,757,0.794328,-9.0,0.0,-9.0,0.0,0.0,0.0);
INSERT INTO "location_sound" VALUES(826,978,761,1.0,-9.0,0.0,-9.0,0.0,0.0,0.0);
INSERT INTO "location_sound" VALUES(829,979,764,2.51478,-9.0,0.0,-9.0,0.0,0.0,0.0);
INSERT INTO "location_sound" VALUES(830,980,752,0.168558,-1.0,0.0,0.0,0.0,0.0,0.0);
INSERT INTO "location_sound" VALUES(831,980,765,1.0,0.0,0.0,0.0,0.0,0.0,0.0);
INSERT INTO "location_sound" VALUES(836,979,767,0.569836,-9.0,0.0,-9.0,0.0,0.0,0.0);
INSERT INTO "location_sound" VALUES(837,979,768,0.687464,-9.0,0.0,-9.0,0.0,0.0,0.0);
INSERT INTO "location_sound" VALUES(838,982,759,0.466659,-9.0,0.0,-9.0,0.0,0.0,0.0);
INSERT INTO "location_sound" VALUES(839,982,760,0.9977,-9.0,0.0,-9.0,0.0,0.0,0.0);
INSERT INTO "location_sound" VALUES(1018,1105,761,1.0,-9.0,0.0,-9.0,0.0,0.0,0.0);
INSERT INTO "location_sound" VALUES(1019,1105,757,1.0,-9.0,0.0,-9.0,0.0,0.0,0.0);
INSERT INTO "location_sound" VALUES(1020,1106,752,1.0,-9.0,0.0,-9.0,0.0,0.0,0.0);
PRAGMA writable_schema=OFF;
COMMIT;
