PRAGMA foreign_keys=OFF;
BEGIN TRANSACTION;
CREATE TABLE soundscape (id INTEGER PRIMARY KEY,name TEXT,tempo REAL,meter_nominator INTEGER,meter_denominator INTEGER);
INSERT INTO "soundscape" VALUES(109,'The winner takes it all',1.31667,4,4);
CREATE TABLE location (id INTEGER PRIMARY KEY,soundscape_id INTEGER,latitude REAL,longitude REAL,radius REAL,volume REAL,distance_scale_parameter REAL);
INSERT INTO "location" VALUES(996,109,4.14193707034147280427e+01,2.1703389286994934082e+00,10.0,1.0,0.1);
INSERT INTO "location" VALUES(997,109,4.14194592029689445666e+01,2.17039793729782104492e+00,55.0,1.0,0.1);
INSERT INTO "location" VALUES(998,109,4.14195999974658519721e+01,2.17018067836761474609e+00,12.0,1.0,0.1);
INSERT INTO "location" VALUES(999,109,4.14196201109403858717e+01,2.17062860727310180664e+00,22.0,1.0,0.1);
INSERT INTO "location" VALUES(1000,109,4.1419477305135764312e+01,2.17040598392486572265e+00,43.0,1.0,0.1);
INSERT INTO "location" VALUES(1001,109,4.14194773051358140509e+01,2.1703872084617614746e+00,20.0,0.794328,0.1);
PRAGMA writable_schema=ON;
INSERT INTO sqlite_master(type,name,tbl_name,rootpage,sql)VALUES('table','location_index','location_index',0,'CREATE VIRTUAL TABLE location_index USING rtree (id, min_latitude, max_latitude, min_longitude, max_longitude)');
CREATE TABLE "location_index_node"(nodeno INTEGER PRIMARY KEY, data BLOB);
INSERT INTO "location_index_node" VALUES(1,X'0000000600000000000003E44225AD574225AD88400AE4DE400AE8CD00000000000003E54225AD054225AE0A400ADCFE400AF29C00000000000003E64225AD8F4225ADC8400AE1E1400AE69A00000000000003E74225AD7D4225ADE5400AE741400AEFE700000000000003E84225AD264225ADF1400ADF7A400AF06300000000000003E94225AD5C4225ADBB400AE3B1400AEB8E0000000000000000000000000000000000000000000000000000000000000000000000000000000000000000000000000000000000000000000000000000000000000000000000000000000000000000000000000000000000000000000000000000000000000000000000000000000000000000000000000000000000000000000000000000000000000000000000000000000000000000000000000000000000000000000000000000000000000000000000000000000000000000000000000000000000000000000000000000000000000000000000000000000000000000000000000000000000000000000000000000000000000000000000000000000000000000000000000000000000000000000000000000000000000000000000000000000000000000000000000000000000000000000000000000000000000000000000000000000000000000000000000000000000000000000000000000000000000000000000000000000000000000000000000000000000000000000000000000000000000000000000000000000000000000000000000000000000000000000000000000000000000000000000000000000000000000000000000000000000000000000000000000000000000000000000000000000000000000000000000000000000000000000000000000000000000000000000000000000000000000000000000000000000000000000000000000000000000000000000000000000000000000000000000000000000000000000000000000000000000000000000000000000000000000000000000000000000000000000000000000000000000000000000000000000000000000000000000000000000000000000000000000000000000000000000000000000000000000000000000000000000000000000000000000000000000000000000000000000000000000000000000000000000000000000000000000000000000000000000000000000000000000000000000000000000000000000000000000000000000000000000000000000000000000000000000000000000000000000000000000000000000000000000000000000000000000000000000000000000000000');
CREATE TABLE "location_index_rowid"(rowid INTEGER PRIMARY KEY, nodeno INTEGER);
INSERT INTO "location_index_rowid" VALUES(996,1);
INSERT INTO "location_index_rowid" VALUES(997,1);
INSERT INTO "location_index_rowid" VALUES(998,1);
INSERT INTO "location_index_rowid" VALUES(999,1);
INSERT INTO "location_index_rowid" VALUES(1000,1);
INSERT INTO "location_index_rowid" VALUES(1001,1);
CREATE TABLE "location_index_parent"(nodeno INTEGER PRIMARY KEY, parentnode INTEGER);
CREATE TABLE sound (id INTEGER PRIMARY KEY,data TEXT);
INSERT INTO "sound" VALUES(786,'http://api.dev.locosonic.com/system/uploads/location_sound/file/786/arpeggiator4_absynth-16-takte.wav');
INSERT INTO "sound" VALUES(788,'http://api.dev.locosonic.com/system/uploads/location_sound/file/788/arpeggiator7_drums_16_takte.wav');
INSERT INTO "sound" VALUES(789,'http://api.dev.locosonic.com/system/uploads/location_sound/file/789/arpeggiator5_drums.wav');
INSERT INTO "sound" VALUES(790,'http://api.dev.locosonic.com/system/uploads/location_sound/file/790/arpeggiator4_drums-16-takte.wav');
INSERT INTO "sound" VALUES(791,'http://api.dev.locosonic.com/system/uploads/location_sound/file/791/arpeggiator8_house_absynth_8_takte.wav');
INSERT INTO "sound" VALUES(792,'http://api.dev.locosonic.com/system/uploads/location_sound/file/792/arpeggiator5_absynth.wav');
CREATE TABLE sound_file_info (sound_id INTEGER,channels INTEGER,sample_rate REAL,frames INTEGER);
CREATE TABLE location_sound (id INTEGER PRIMARY KEY,location_id INTEGER,sound_id INTEGER,volume REAL,onset_quantization REAL,onset_quantization_phase REAL,offset_quantization REAL,offset_quantization_phase REAL,duration REAL,repetitions REAL);
INSERT INTO "location_sound" VALUES(864,996,792,1.0,-1.0,0.0,-1.0,0.0,0.0,0.0);
INSERT INTO "location_sound" VALUES(866,997,788,1.0,-1.0,0.0,0.0,0.0,0.0,0.0);
INSERT INTO "location_sound" VALUES(867,998,786,0.615886,-1.0,0.0,-1.0,0.0,0.0,0.0);
INSERT INTO "location_sound" VALUES(868,999,789,1.0,-1.0,0.0,-1.0,0.0,0.0,0.0);
INSERT INTO "location_sound" VALUES(869,1000,790,0.795701,-1.0,0.0,-1.0,0.0,0.0,0.0);
INSERT INTO "location_sound" VALUES(870,1001,791,0.656523,-1.0,0.0,-1.0,0.0,0.0,0.0);
PRAGMA writable_schema=OFF;
COMMIT;
