PRAGMA foreign_keys=OFF;
BEGIN TRANSACTION;
CREATE TABLE soundscape (id INTEGER PRIMARY KEY,name TEXT,tempo REAL,meter_nominator INTEGER,meter_denominator INTEGER);
INSERT INTO "soundscape" VALUES(112,'Areuc',2.66667,4,4);
CREATE TABLE location (id INTEGER PRIMARY KEY,soundscape_id INTEGER,latitude REAL,longitude REAL,radius REAL,volume REAL,distance_scale_parameter REAL);
INSERT INTO "location" VALUES(1032,112,4.14335652945454597801e+01,2.18936383724212646484e+00,42.0,1.0,0.0104713);
INSERT INTO "location" VALUES(1034,112,4.1433521054395647809e+01,2.19027578830719,35.0,1.0,0.0251189);
INSERT INTO "location" VALUES(1035,112,4.14333923556073813188e+01,2.19109654426574707031e+00,35.0,1.0,0.0288403);
INSERT INTO "location" VALUES(1037,112,4.14332033287994150327e+01,2.1917724609375,26.0,1.0,0.0338844);
INSERT INTO "location" VALUES(1038,112,4.14328695141556053744e+01,2.19137549400329589843e+00,25.0,1.0,0.0263027);
INSERT INTO "location" VALUES(1039,112,4.14326684201681487689e+01,2.19084978103637695312e+00,25.0,1.0,0.1);
INSERT INTO "location" VALUES(1040,112,4.14329982139806318741e+01,2.19009339809417724609e+00,25.0,1.0,0.0263027);
INSERT INTO "location" VALUES(1041,112,4.14325718948328045607e+01,2.19027578830719,25.0,1.0,0.0281838);
PRAGMA writable_schema=ON;
INSERT INTO sqlite_master(type,name,tbl_name,rootpage,sql)VALUES('table','location_index','location_index',0,'CREATE VIRTUAL TABLE location_index USING rtree (id, min_latitude, max_latitude, min_longitude, max_longitude)');
CREATE TABLE "location_index_node"(nodeno INTEGER PRIMARY KEY, data BLOB);
INSERT INTO "location_index_node" VALUES(1,X'0000000800000000000004084225BB944225BC5C400C1648400C26CB000000000000040A4225BB9A4225BC41400C2698400C345D000000000000040B4225BB774225BC1E400C340C400C41CE000000000000040D4225BB5C4225BBD7400C40E3400C4B1D000000000000040E4225BB074225BB7E400C3A95400C4469000000000000040F4225BAD24225BB4A400C31F8400C3BCC00000000000004104225BB284225BB9F400C2593400C2F6800000000000004114225BAB94225BB30400C2890400C32650000000000000000000000000000000000000000000000000000000000000000000000000000000000000000000000000000000000000000000000000000000000000000000000000000000000000000000000000000000000000000000000000000000000000000000000000000000000000000000000000000000000000000000000000000000000000000000000000000000000000000000000000000000000000000000000000000000000000000000000000000000000000000000000000000000000000000000000000000000000000000000000000000000000000000000000000000000000000000000000000000000000000000000000000000000000000000000000000000000000000000000000000000000000000000000000000000000000000000000000000000000000000000000000000000000000000000000000000000000000000000000000000000000000000000000000000000000000000000000000000000000000000000000000000000000000000000000000000000000000000000000000000000000000000000000000000000000000000000000000000000000000000000000000000000000000000000000000000000000000000000000000000000000000000000000000000000000000000000000000000000000000000000000000000000000000000000000000000000000000000000000000000000000000000000000000000000000000000000000000000000000000000000000000000000000000000000000000000000000000000000000000000000000000000000000000000000000000000000000000000000000000000000000000000000000000000000000000000000000000000000000000000000000000000000000000000000000000000000000000000000000000000000000000000000000000000000000000000000000000000000000000000000000000000000000000000000000000000000000000000000000000000000000000000000000000000000000000000000000000000000000000000000000000000000');
CREATE TABLE "location_index_rowid"(rowid INTEGER PRIMARY KEY, nodeno INTEGER);
INSERT INTO "location_index_rowid" VALUES(1032,1);
INSERT INTO "location_index_rowid" VALUES(1034,1);
INSERT INTO "location_index_rowid" VALUES(1035,1);
INSERT INTO "location_index_rowid" VALUES(1037,1);
INSERT INTO "location_index_rowid" VALUES(1038,1);
INSERT INTO "location_index_rowid" VALUES(1039,1);
INSERT INTO "location_index_rowid" VALUES(1040,1);
INSERT INTO "location_index_rowid" VALUES(1041,1);
CREATE TABLE "location_index_parent"(nodeno INTEGER PRIMARY KEY, parentnode INTEGER);
CREATE TABLE sound (id INTEGER PRIMARY KEY,data TEXT);
INSERT INTO "sound" VALUES(822,'http://api.dev.locosonic.com/system/uploads/location_sound/file/822/A1_-_KR_Track_1__BASS_.aif');
INSERT INTO "sound" VALUES(823,'http://api.dev.locosonic.com/system/uploads/location_sound/file/823/A1_-_KR_Track_1__DRUMS_.aif');
INSERT INTO "sound" VALUES(824,'http://api.dev.locosonic.com/system/uploads/location_sound/file/824/A_-_KR_Track_1__DRUMS_.aif');
INSERT INTO "sound" VALUES(825,'http://api.dev.locosonic.com/system/uploads/location_sound/file/825/A_-_KR_Track_1__BASS_.aif');
INSERT INTO "sound" VALUES(826,'http://api.dev.locosonic.com/system/uploads/location_sound/file/826/A_-_KR_Track_1__LEAD_.aif');
INSERT INTO "sound" VALUES(827,'http://api.dev.locosonic.com/system/uploads/location_sound/file/827/A_-_KR_Track_1__HARMONY_.aif');
INSERT INTO "sound" VALUES(828,'http://api.dev.locosonic.com/system/uploads/location_sound/file/828/B_-_KR_Track_1__BASS_.aif');
INSERT INTO "sound" VALUES(829,'http://api.dev.locosonic.com/system/uploads/location_sound/file/829/A1_-_KR_Track_1__HARMONY_.aif');
INSERT INTO "sound" VALUES(830,'http://api.dev.locosonic.com/system/uploads/location_sound/file/830/A1_-_KR_Track_1__LEAD_.aif');
INSERT INTO "sound" VALUES(831,'http://api.dev.locosonic.com/system/uploads/location_sound/file/831/B_-_KR_Track_1__DRUMS_.aif');
INSERT INTO "sound" VALUES(832,'http://api.dev.locosonic.com/system/uploads/location_sound/file/832/B_-_KR_Track_1__LEAD_.aif');
INSERT INTO "sound" VALUES(833,'http://api.dev.locosonic.com/system/uploads/location_sound/file/833/B_-_KR_Track_1__HARMONY_.aif');
INSERT INTO "sound" VALUES(834,'http://api.dev.locosonic.com/system/uploads/location_sound/file/834/B1_-_KR_Track_1__BASS_.aif');
INSERT INTO "sound" VALUES(835,'http://api.dev.locosonic.com/system/uploads/location_sound/file/835/B1_-_KR_Track_1__DRUMS_.aif');
INSERT INTO "sound" VALUES(836,'http://api.dev.locosonic.com/system/uploads/location_sound/file/836/B1_-_KR_Track_1__LEAD_.aif');
INSERT INTO "sound" VALUES(837,'http://api.dev.locosonic.com/system/uploads/location_sound/file/837/B1_-_KR_Track_1__HARMONY_.aif');
INSERT INTO "sound" VALUES(839,'http://api.dev.locosonic.com/system/uploads/location_sound/file/839/C_-_KR_Track_1__BASS_.aif');
INSERT INTO "sound" VALUES(840,'http://api.dev.locosonic.com/system/uploads/location_sound/file/840/C_-_KR_Track_1__HARMONY_.aif');
INSERT INTO "sound" VALUES(841,'http://api.dev.locosonic.com/system/uploads/location_sound/file/841/C_-_KR_Track_1__LEAD_.aif');
INSERT INTO "sound" VALUES(842,'http://api.dev.locosonic.com/system/uploads/location_sound/file/842/C1_-_KR_Track_1__BASS_.aif');
INSERT INTO "sound" VALUES(843,'http://api.dev.locosonic.com/system/uploads/location_sound/file/843/C1_-_KR_Track_1__HARMONY_.aif');
INSERT INTO "sound" VALUES(844,'http://api.dev.locosonic.com/system/uploads/location_sound/file/844/C1_-_KR_Track_1__DRUMS_.aif');
INSERT INTO "sound" VALUES(845,'http://api.dev.locosonic.com/system/uploads/location_sound/file/845/C1_-_KR_Track_1__LEAD_.aif');
CREATE TABLE sound_file_info (sound_id INTEGER,channels INTEGER,sample_rate REAL,frames INTEGER);
CREATE TABLE location_sound (id INTEGER PRIMARY KEY,location_id INTEGER,sound_id INTEGER,volume REAL,onset_quantization REAL,onset_quantization_phase REAL,offset_quantization REAL,offset_quantization_phase REAL,duration REAL,repetitions REAL);
INSERT INTO "location_sound" VALUES(912,1032,827,1.0,0.0,0.0,0.0,0.0,0.0,0.0);
INSERT INTO "location_sound" VALUES(921,1035,824,0.735783,-1.0,0.0,-1.0,0.0,0.0,0.0);
INSERT INTO "location_sound" VALUES(922,1035,825,0.735783,-1.0,0.0,1.0,0.0,0.0,0.0);
INSERT INTO "location_sound" VALUES(928,1034,826,1.0,-1.0,0.0,-1.0,0.0,0.0,0.0);
INSERT INTO "location_sound" VALUES(929,1034,827,1.0,-1.0,0.0,-1.0,0.0,0.0,0.0);
INSERT INTO "location_sound" VALUES(930,1035,826,1.0,-1.0,0.0,-1.0,0.0,0.0,0.0);
INSERT INTO "location_sound" VALUES(931,1035,827,1.0,-1.0,0.0,-1.0,0.0,0.0,0.0);
INSERT INTO "location_sound" VALUES(933,1037,828,1.0,-1.0,0.0,-1.0,0.0,0.0,0.0);
INSERT INTO "location_sound" VALUES(934,1037,831,1.0,-1.0,0.0,-1.0,0.0,0.0,0.0);
INSERT INTO "location_sound" VALUES(935,1037,832,1.0,-1.0,0.0,-1.0,0.0,0.0,0.0);
INSERT INTO "location_sound" VALUES(937,1037,833,1.0,-1.0,0.0,-1.0,0.0,0.0,0.0);
INSERT INTO "location_sound" VALUES(940,1038,840,1.0,-1.0,0.0,-1.0,0.0,0.0,0.0);
INSERT INTO "location_sound" VALUES(941,1038,841,1.0,-1.0,0.0,-1.0,0.0,0.0,0.0);
INSERT INTO "location_sound" VALUES(942,1038,839,1.0,-1.0,0.0,-1.0,0.0,0.0,0.0);
INSERT INTO "location_sound" VALUES(943,1039,842,1.0,-1.0,0.0,-1.0,0.0,0.0,0.0);
INSERT INTO "location_sound" VALUES(944,1039,843,1.0,-1.0,0.0,-1.0,0.0,0.0,0.0);
INSERT INTO "location_sound" VALUES(945,1039,844,1.0,-1.0,0.0,-1.0,0.0,0.0,0.0);
INSERT INTO "location_sound" VALUES(946,1039,845,1.0,-1.0,0.0,-1.0,0.0,0.0,0.0);
INSERT INTO "location_sound" VALUES(947,1040,834,1.0,-1.0,0.0,-1.0,0.0,0.0,0.0);
INSERT INTO "location_sound" VALUES(948,1040,835,1.0,-1.0,0.0,-1.0,0.0,0.0,0.0);
INSERT INTO "location_sound" VALUES(949,1040,836,1.0,-1.0,0.0,-1.0,0.0,0.0,0.0);
INSERT INTO "location_sound" VALUES(950,1040,837,1.0,-1.0,0.0,-1.0,0.0,0.0,0.0);
INSERT INTO "location_sound" VALUES(951,1041,830,1.0,-1.0,0.0,-1.0,0.0,0.0,0.0);
INSERT INTO "location_sound" VALUES(952,1041,829,1.0,-1.0,0.0,-1.0,0.0,0.0,0.0);
INSERT INTO "location_sound" VALUES(953,1041,823,1.0,-1.0,0.0,-1.0,0.0,0.0,0.0);
INSERT INTO "location_sound" VALUES(954,1041,822,1.0,-1.0,0.0,-1.0,0.0,0.0,0.0);
PRAGMA writable_schema=OFF;
COMMIT;
