PRAGMA foreign_keys=OFF;
BEGIN TRANSACTION;
CREATE TABLE soundscape (id INTEGER PRIMARY KEY,name TEXT,tempo REAL,meter_nominator INTEGER,meter_denominator INTEGER);
INSERT INTO "soundscape" VALUES(115,'taller fabra i coats',1.31667,4,4);
CREATE TABLE location (id INTEGER PRIMARY KEY,soundscape_id INTEGER,latitude REAL,longitude REAL,radius REAL,volume REAL,distance_scale_parameter REAL);
INSERT INTO "location" VALUES(1042,115,4.14329139031307178706e+01,2.19169369928859492091e+00,10.0,1.0,0.1);
INSERT INTO "location" VALUES(1043,115,4.14330024026787953079e+01,2.19175273700065975646e+00,57.0,1.0,0.1);
INSERT INTO "location" VALUES(1044,115,4.14331431971659185347e+01,2.1915355243879490743e+00,12.0,1.0,0.1);
INSERT INTO "location" VALUES(1045,115,4.14331633106390384568e+01,2.19198345991024057255e+00,22.0,1.0,0.1);
INSERT INTO "location" VALUES(1046,115,4.14330205048443573918e+01,2.19176078958279818564e+00,43.0,1.0,0.1);
INSERT INTO "location" VALUES(1047,115,41.4330205048444,2.1917420141196939376e+00,20.0,0.794328,0.1);
PRAGMA writable_schema=ON;
INSERT INTO sqlite_master(type,name,tbl_name,rootpage,sql)VALUES('table','location_index','location_index',0,'CREATE VIRTUAL TABLE location_index USING rtree (id, min_latitude, max_latitude, min_longitude, max_longitude)');
CREATE TABLE "location_index_node"(nodeno INTEGER PRIMARY KEY, data BLOB);
INSERT INTO "location_index_node" VALUES(1,X'0000000600000000000004124225BB364225BB67400C42BD400C46AD00000000000004134225BADD4225BBED400C3A78400C50E200000000000004144225BB6C4225BBA7400C3FC2400C447A00000000000004154225BB5B4225BBC4400C4522400C4DC800000000000004164225BB044225BBD0400C3D5B400C4E4400000000000004174225BB394225BB99400C4192400C496F0000000000000000000000000000000000000000000000000000000000000000000000000000000000000000000000000000000000000000000000000000000000000000000000000000000000000000000000000000000000000000000000000000000000000000000000000000000000000000000000000000000000000000000000000000000000000000000000000000000000000000000000000000000000000000000000000000000000000000000000000000000000000000000000000000000000000000000000000000000000000000000000000000000000000000000000000000000000000000000000000000000000000000000000000000000000000000000000000000000000000000000000000000000000000000000000000000000000000000000000000000000000000000000000000000000000000000000000000000000000000000000000000000000000000000000000000000000000000000000000000000000000000000000000000000000000000000000000000000000000000000000000000000000000000000000000000000000000000000000000000000000000000000000000000000000000000000000000000000000000000000000000000000000000000000000000000000000000000000000000000000000000000000000000000000000000000000000000000000000000000000000000000000000000000000000000000000000000000000000000000000000000000000000000000000000000000000000000000000000000000000000000000000000000000000000000000000000000000000000000000000000000000000000000000000000000000000000000000000000000000000000000000000000000000000000000000000000000000000000000000000000000000000000000000000000000000000000000000000000000000000000000000000000000000000000000000000000000000000000000000000000000000000000000000000000000000000000000000000000000000000000000000000000000000000000000000000000000000000000000000000000000000000000000000000000000000000000000000000000000000000');
CREATE TABLE "location_index_rowid"(rowid INTEGER PRIMARY KEY, nodeno INTEGER);
INSERT INTO "location_index_rowid" VALUES(1042,1);
INSERT INTO "location_index_rowid" VALUES(1043,1);
INSERT INTO "location_index_rowid" VALUES(1044,1);
INSERT INTO "location_index_rowid" VALUES(1045,1);
INSERT INTO "location_index_rowid" VALUES(1046,1);
INSERT INTO "location_index_rowid" VALUES(1047,1);
CREATE TABLE "location_index_parent"(nodeno INTEGER PRIMARY KEY, parentnode INTEGER);
CREATE TABLE sound (id INTEGER PRIMARY KEY,data TEXT);
INSERT INTO "sound" VALUES(852,'http://api.dev.locosonic.com/system/uploads/location_sound/file/852/arpeggiator5_absynth.wav');
INSERT INTO "sound" VALUES(853,'http://api.dev.locosonic.com/system/uploads/location_sound/file/853/arpeggiator7_drums_16_takte.wav');
INSERT INTO "sound" VALUES(854,'http://api.dev.locosonic.com/system/uploads/location_sound/file/854/arpeggiator4_absynth-16-takte.wav');
INSERT INTO "sound" VALUES(855,'http://api.dev.locosonic.com/system/uploads/location_sound/file/855/arpeggiator5_drums.wav');
INSERT INTO "sound" VALUES(856,'http://api.dev.locosonic.com/system/uploads/location_sound/file/856/arpeggiator4_drums-16-takte.wav');
INSERT INTO "sound" VALUES(857,'http://api.dev.locosonic.com/system/uploads/location_sound/file/857/arpeggiator8_house_absynth_8_takte.wav');
CREATE TABLE sound_file_info (sound_id INTEGER,channels INTEGER,sample_rate REAL,frames INTEGER);
CREATE TABLE location_sound (id INTEGER PRIMARY KEY,location_id INTEGER,sound_id INTEGER,volume REAL,onset_quantization REAL,onset_quantization_phase REAL,offset_quantization REAL,offset_quantization_phase REAL,duration REAL,repetitions REAL);
INSERT INTO "location_sound" VALUES(896,1042,852,1.0,0.0,0.0,0.0,0.0,0.0,0.0);
INSERT INTO "location_sound" VALUES(897,1043,853,1.0,0.0,0.0,0.0,0.0,0.0,0.0);
INSERT INTO "location_sound" VALUES(898,1044,854,1.0,0.0,0.0,0.0,0.0,0.0,0.0);
INSERT INTO "location_sound" VALUES(899,1045,855,1.0,0.0,0.0,0.0,0.0,0.0,0.0);
INSERT INTO "location_sound" VALUES(900,1046,856,1.0,0.0,0.0,0.0,0.0,0.0,0.0);
INSERT INTO "location_sound" VALUES(901,1047,857,1.0,0.0,0.0,0.0,0.0,0.0,0.0);
PRAGMA writable_schema=OFF;
COMMIT;
