PRAGMA foreign_keys=OFF;
BEGIN TRANSACTION;
CREATE TABLE soundscape (id INTEGER PRIMARY KEY,name TEXT,tempo REAL,meter_nominator INTEGER,meter_denominator INTEGER);
INSERT INTO "soundscape" VALUES(117,'SONG1',1.16667,4,4);
CREATE TABLE location (id INTEGER PRIMARY KEY,soundscape_id INTEGER,latitude REAL,longitude REAL,radius REAL,volume REAL,distance_scale_parameter REAL);
INSERT INTO "location" VALUES(1015,117,4.14326643982817230957e+01,2.19176709651947,90.0,1.0,0.0104713);
INSERT INTO "location" VALUES(1025,117,4.14326724420538923272e+01,2.1918207406997680664e+00,39.0,1.0,0.030903);
INSERT INTO "location" VALUES(1026,117,4.14326764639395577188e+01,2.1917724609375,22.0,1.0,0.0104713);
INSERT INTO "location" VALUES(1027,117,4.14326563545090138535e+01,2.19179391860961914062e+00,81.0,1.0,0.1);
INSERT INTO "location" VALUES(1028,117,41.432672442054,2.1917724609375,13.0,1.0,0.0676083);
INSERT INTO "location" VALUES(1088,117,4.14327086390154093482e+01,2.19189584255218505859e+00,39.0,1.0,0.1);
PRAGMA writable_schema=ON;
INSERT INTO sqlite_master(type,name,tbl_name,rootpage,sql)VALUES('table','location_index','location_index',0,'CREATE VIRTUAL TABLE location_index USING rtree (id, min_latitude, max_latitude, min_longitude, max_longitude)');
CREATE TABLE "location_index_node"(nodeno INTEGER PRIMARY KEY, data BLOB);
INSERT INTO "location_index_node" VALUES(1,X'0000000600000000000003F74225BA384225BBE1400C3439400C579A00000000000004014225BAB14225BB6C400C3F20400C4E7500000000000004024225BADA4225BB45400C41AD400C4A5300000000000004034225BA4B4225BBCB400C366E400C564600000000000004044225BAEF4225BB2E400C4371400C488F00000000000004404225BABC4225BB74400C405B400C4FB00000000000000000000000000000000000000000000000000000000000000000000000000000000000000000000000000000000000000000000000000000000000000000000000000000000000000000000000000000000000000000000000000000000000000000000000000000000000000000000000000000000000000000000000000000000000000000000000000000000000000000000000000000000000000000000000000000000000000000000000000000000000000000000000000000000000000000000000000000000000000000000000000000000000000000000000000000000000000000000000000000000000000000000000000000000000000000000000000000000000000000000000000000000000000000000000000000000000000000000000000000000000000000000000000000000000000000000000000000000000000000000000000000000000000000000000000000000000000000000000000000000000000000000000000000000000000000000000000000000000000000000000000000000000000000000000000000000000000000000000000000000000000000000000000000000000000000000000000000000000000000000000000000000000000000000000000000000000000000000000000000000000000000000000000000000000000000000000000000000000000000000000000000000000000000000000000000000000000000000000000000000000000000000000000000000000000000000000000000000000000000000000000000000000000000000000000000000000000000000000000000000000000000000000000000000000000000000000000000000000000000000000000000000000000000000000000000000000000000000000000000000000000000000000000000000000000000000000000000000000000000000000000000000000000000000000000000000000000000000000000000000000000000000000000000000000000000000000000000000000000000000000000000000000000000000000000000000000000000000000000000000000000000000000000000000000000000000000000000000000000000');
CREATE TABLE "location_index_rowid"(rowid INTEGER PRIMARY KEY, nodeno INTEGER);
INSERT INTO "location_index_rowid" VALUES(1015,1);
INSERT INTO "location_index_rowid" VALUES(1025,1);
INSERT INTO "location_index_rowid" VALUES(1026,1);
INSERT INTO "location_index_rowid" VALUES(1027,1);
INSERT INTO "location_index_rowid" VALUES(1028,1);
INSERT INTO "location_index_rowid" VALUES(1088,1);
CREATE TABLE "location_index_parent"(nodeno INTEGER PRIMARY KEY, parentnode INTEGER);
CREATE TABLE sound (id INTEGER PRIMARY KEY,data TEXT);
INSERT INTO "sound" VALUES(808,'http://api.dev.locosonic.com/system/uploads/location_sound/file/808/SYNT1_01.wav');
INSERT INTO "sound" VALUES(809,'http://api.dev.locosonic.com/system/uploads/location_sound/file/809/Rhodes_01.wav');
INSERT INTO "sound" VALUES(810,'http://api.dev.locosonic.com/system/uploads/location_sound/file/810/BASS1_01.wav');
INSERT INTO "sound" VALUES(849,'http://api.dev.locosonic.com/system/uploads/location_sound/file/849/Drums1_01.wav');
INSERT INTO "sound" VALUES(918,'http://api.dev.locosonic.com/system/uploads/location_sound/file/918/sintetis.wav');
CREATE TABLE sound_file_info (sound_id INTEGER,channels INTEGER,sample_rate REAL,frames INTEGER);
CREATE TABLE location_sound (id INTEGER PRIMARY KEY,location_id INTEGER,sound_id INTEGER,volume REAL,onset_quantization REAL,onset_quantization_phase REAL,offset_quantization REAL,offset_quantization_phase REAL,duration REAL,repetitions REAL);
INSERT INTO "location_sound" VALUES(893,1015,810,3.98107,-1.0,0.0,0.0,0.0,0.0,0.0);
INSERT INTO "location_sound" VALUES(895,1027,849,1.0,-1.0,0.0,0.0,0.0,0.0,0.0);
INSERT INTO "location_sound" VALUES(920,1025,808,1.0,-1.0,0.0,0.0,0.0,0.0,0.0);
INSERT INTO "location_sound" VALUES(925,1026,809,1.0,-1.0,0.0,2.0,0.0,0.0,0.0);
INSERT INTO "location_sound" VALUES(999,1028,918,1.0,-1.0,0.0,0.0,0.0,0.0,0.0);
PRAGMA writable_schema=OFF;
COMMIT;
