PRAGMA foreign_keys=OFF;
BEGIN TRANSACTION;
CREATE TABLE soundscape (id INTEGER PRIMARY KEY,name TEXT,tempo REAL,meter_nominator INTEGER,meter_denominator INTEGER);
INSERT INTO "soundscape" VALUES(127,'Sonar+D Contest',1.58333,4,4);
CREATE TABLE location (id INTEGER PRIMARY KEY,soundscape_id INTEGER,latitude REAL,longitude REAL,radius REAL,volume REAL,distance_scale_parameter REAL);
INSERT INTO "location" VALUES(1354,127,4.13732445317290284956e+01,2.15175658857862250883e+00,13.0,1.0,0.0169824);
INSERT INTO "location" VALUES(1355,127,4.1373250568736366973e+01,2.15175926926871463606e+00,22.0,1.0,0.1);
INSERT INTO "location" VALUES(1356,127,41.3732545934075,2.15175926825609931114e+00,30.0,1.0,0.1);
INSERT INTO "location" VALUES(1357,127,4.13732405070574316141e+01,2.15175658959123783375e+00,40.0,1.0,0.1);
INSERT INTO "location" VALUES(1358,127,4.13732686797544602086e+01,2.15186655307254,19.0,1.0,0.1);
INSERT INTO "location" VALUES(1359,127,4.13732646550842630972e+01,2.15185046083106623626e+00,36.0,1.0,0.1);
INSERT INTO "location" VALUES(1360,127,4.13732606304136751873e+01,2.15186655509777180483e+00,25.0,1.0,0.1);
INSERT INTO "location" VALUES(1361,127,4.13732968524394806308e+01,2.15186654598422411055e+00,52.0,1.0,0.1);
INSERT INTO "location" VALUES(1364,127,4.13733094404882280076e+01,2.15182229876518249511e+00,11.0,1.0,0.1);
PRAGMA writable_schema=ON;
INSERT INTO sqlite_master(type,name,tbl_name,rootpage,sql)VALUES('table','location_index','location_index',0,'CREATE VIRTUAL TABLE location_index USING rtree (id, min_latitude, max_latitude, min_longitude, max_longitude)');
CREATE TABLE "location_index_node"(nodeno INTEGER PRIMARY KEY, data BLOB);
INSERT INTO "location_index_node" VALUES(1,X'00000009000000000000054A42257E1542257E544009B3D34009B8EF000000000000054B42257E0042257E6B4009B21A4009BABF000000000000054C42257DEE42257E7E4009B0874009BC52000000000000054D42257DD442257E924009AE864009BE3C000000000000054E42257E0D42257E674009B4734009BBEA000000000000054F42257DE442257E8E4009B0D94009BEFD000000000000055042257DFD42257E734009B3454009BD18000000000000055142257DC642257EBD4009ADF84009C265000000000000055442257E2A42257E5F4009B54B4009B99E0000000000000000000000000000000000000000000000000000000000000000000000000000000000000000000000000000000000000000000000000000000000000000000000000000000000000000000000000000000000000000000000000000000000000000000000000000000000000000000000000000000000000000000000000000000000000000000000000000000000000000000000000000000000000000000000000000000000000000000000000000000000000000000000000000000000000000000000000000000000000000000000000000000000000000000000000000000000000000000000000000000000000000000000000000000000000000000000000000000000000000000000000000000000000000000000000000000000000000000000000000000000000000000000000000000000000000000000000000000000000000000000000000000000000000000000000000000000000000000000000000000000000000000000000000000000000000000000000000000000000000000000000000000000000000000000000000000000000000000000000000000000000000000000000000000000000000000000000000000000000000000000000000000000000000000000000000000000000000000000000000000000000000000000000000000000000000000000000000000000000000000000000000000000000000000000000000000000000000000000000000000000000000000000000000000000000000000000000000000000000000000000000000000000000000000000000000000000000000000000000000000000000000000000000000000000000000000000000000000000000000000000000000000000000000000000000000000000000000000000000000000000000000000000000000000000000000000000000000000000000000000000000000000000000000000000000000000000000000000000000000000000000000000000000000000000000000');
CREATE TABLE "location_index_rowid"(rowid INTEGER PRIMARY KEY, nodeno INTEGER);
INSERT INTO "location_index_rowid" VALUES(1354,1);
INSERT INTO "location_index_rowid" VALUES(1355,1);
INSERT INTO "location_index_rowid" VALUES(1356,1);
INSERT INTO "location_index_rowid" VALUES(1357,1);
INSERT INTO "location_index_rowid" VALUES(1358,1);
INSERT INTO "location_index_rowid" VALUES(1359,1);
INSERT INTO "location_index_rowid" VALUES(1360,1);
INSERT INTO "location_index_rowid" VALUES(1361,1);
INSERT INTO "location_index_rowid" VALUES(1364,1);
CREATE TABLE "location_index_parent"(nodeno INTEGER PRIMARY KEY, parentnode INTEGER);
CREATE TABLE sound (id INTEGER PRIMARY KEY,data TEXT);
INSERT INTO "sound" VALUES(1073,'http://api.dev.locosonic.com/system/uploads/location_sound/file/1073/AMB_01.wav');
INSERT INTO "sound" VALUES(1074,'http://api.dev.locosonic.com/system/uploads/location_sound/file/1074/BASS1_02.wav');
INSERT INTO "sound" VALUES(1075,'http://api.dev.locosonic.com/system/uploads/location_sound/file/1075/Drums1_02.wav');
INSERT INTO "sound" VALUES(1076,'http://api.dev.locosonic.com/system/uploads/location_sound/file/1076/Amb1_02.wav');
INSERT INTO "sound" VALUES(1080,'http://api.dev.locosonic.com/system/uploads/location_sound/file/1080/week_6_-_tell_me_why_you_are_here.wav');
CREATE TABLE sound_file_info (sound_id INTEGER,channels INTEGER,sample_rate REAL,frames INTEGER);
CREATE TABLE location_sound (id INTEGER PRIMARY KEY,location_id INTEGER,sound_id INTEGER,volume REAL,onset_quantization REAL,onset_quantization_phase REAL,offset_quantization REAL,offset_quantization_phase REAL,duration REAL,repetitions REAL);
INSERT INTO "location_sound" VALUES(1207,1358,1073,1.0,-1.0,0.0,0.0,0.0,0.0,0.0);
INSERT INTO "location_sound" VALUES(1208,1359,1074,1.0,-1.0,0.0,0.0,0.0,0.0,0.0);
INSERT INTO "location_sound" VALUES(1209,1360,1075,1.0,-1.0,0.0,0.0,0.0,0.0,0.0);
INSERT INTO "location_sound" VALUES(1210,1361,1076,1.0,-1.0,0.0,0.0,0.0,0.0,0.0);
INSERT INTO "location_sound" VALUES(1214,1364,1080,1.0,-1.0,0.0,0.0,0.0,-4.0,0.0);
PRAGMA writable_schema=OFF;
COMMIT;
