PRAGMA foreign_keys=OFF;
BEGIN TRANSACTION;
CREATE TABLE soundscape (id INTEGER PRIMARY KEY,name TEXT,tempo REAL,meter_nominator INTEGER,meter_denominator INTEGER);
INSERT INTO "soundscape" VALUES(131,'WFS - Festa al Parc',1.0,4,4);
CREATE TABLE location (id INTEGER PRIMARY KEY,soundscape_id INTEGER,latitude REAL,longitude REAL,radius REAL,volume REAL,distance_scale_parameter REAL);
INSERT INTO "location" VALUES(1377,131,4.13880785549890362062e+01,2.1860218048095703125e+00,252.0,1.0,0.1);
INSERT INTO "location" VALUES(1378,131,4.1387909519578769844e+01,2.18790471553802490234e+00,159.0,1.0,0.1);
INSERT INTO "location" VALUES(1379,131,4.1387607669538816423e+01,2.18807101249694824218e+00,121.0,1.0,0.1);
INSERT INTO "location" VALUES(1381,131,4.13866014926179843786e+01,2.18635976314544677734e+00,96.0,1.0,0.1);
INSERT INTO "location" VALUES(1382,131,4.13877243850537510647e+01,2.18465924263000488281e+00,85.0,1.0,0.1);
INSERT INTO "location" VALUES(1384,131,4.13895193627907573849e+01,2.18634366989135742187e+00,114.0,1.0,0.1);
INSERT INTO "location" VALUES(1392,131,4.13886983477333103564e+01,2.18547463417053222656e+00,50.0,1.0,0.1);
INSERT INTO "location" VALUES(1422,131,4.13880785549890077828e+01,2.18652606010437,76.0,1.0,0.1);
INSERT INTO "location" VALUES(1423,131,4.1388863356494027812e+01,2.18468606472015380859e+00,95.0,1.0,0.1);
INSERT INTO "location" VALUES(1424,131,41.3878290263718,2.18471288681030273437e+00,50.0,1.0,0.1);
INSERT INTO "location" VALUES(1425,131,4.13875312006395219572e+01,2.18582868576049804687e+00,50.0,1.0,0.1);
INSERT INTO "location" VALUES(1426,131,4.13874909538143214132e+01,2.18703031539917,50.0,1.0,0.1);
INSERT INTO "location" VALUES(1427,131,4.13887707906553785602e+01,2.18715906143188476562e+00,50.0,1.0,0.1);
INSERT INTO "location" VALUES(1428,131,4.13880866042833162055e+01,2.18783497810363769531e+00,50.0,1.0,0.1);
INSERT INTO "location" VALUES(1429,131,4.1388231491410074625e+01,2.186450958251953125e+00,50.0,1.0,0.1);
INSERT INTO "location" VALUES(1430,131,4.13890042172998491327e+01,2.18639731407165527343e+00,50.0,1.0,0.1);
INSERT INTO "location" VALUES(1431,131,4.13880866042833162055e+01,2.18552827835083,50.0,1.0,0.1);
INSERT INTO "location" VALUES(1432,131,4.13868228528765484935e+01,2.1863651275634765625e+00,50.0,1.0,0.1);
INSERT INTO "location" VALUES(1433,131,4.13879739140725533275e+01,2.18710541725158691406e+00,50.0,1.0,0.1);
INSERT INTO "location" VALUES(1434,131,4.13876760890039463447e+01,2.18642950057983398437e+00,50.0,1.0,0.1);
INSERT INTO "location" VALUES(1435,131,4.13875392500016303642e+01,2.18786716461181640625e+00,50.0,1.0,0.1);
INSERT INTO "location" VALUES(1436,131,4.13885937078144579021e+01,2.18005657196044921875e+00,50.0,1.0,0.1);
PRAGMA writable_schema=ON;
INSERT INTO sqlite_master(type,name,tbl_name,rootpage,sql)VALUES('table','location_index','location_index',0,'CREATE VIRTUAL TABLE location_index USING rtree (id, min_latitude, max_latitude, min_longitude, max_longitude)');
CREATE TABLE "location_index_node"(nodeno INTEGER PRIMARY KEY, data BLOB);
INSERT INTO "location_index_node" VALUES(1,X'00000016000000000000056142258B1242258FB7400BB64A400C1946000000000000056242258BC142258EAF400BE767400C25DC000000000000056342258BCA42258E08400BF196400C2120000000000000056542258AFE42258CC4400BDA77400C002C000000000000056642258C3F42258DD1400BC0C3400BE227000000000000056842258DD142258FEB400BD6AA400C0372000000000000057042258D9142258E7D400BD4FF400BE8A3000000000000058E42258CB142258E18400BE11D400BFEF9000000000000058F42258D5242258F13400BBF3D400BE48E000000000000059042258CAD42258D99400BC884400BDC28000000000000059142258C5F42258D4B400BDACC400BEE70000000000000059242258C5342258D42400BEE7C400C0220000000000000059342258DA442258E90400BF098400C043C000000000000059442258CEF42258DDE400BFBAB400C0F4F000000000000059542258D1542258E04400BE4FE400BF8A2000000000000059642258DE142258ECD400BE41D400BF7C1000000000000059742258CEF42258DDE400BD5E0400BE984000000000000059842258BA542258C92400BE396400BF73A000000000000059942258CD342258DBF400BEFB7400C035B000000000000059A42258C8542258D71400BE4A4400BF848000000000000059B42258C6142258D4D400BFC32400C0FD6000000000000059C42258D7442258E63400B7C3A400B8FDE0000000000000000000000000000000000000000000000000000000000000000000000000000000000000000000000000000000000000000000000000000000000000000000000000000000000000000000000000000000000000000000000000000000000000000000000000000000000000000000000000000000000000000000000000000000000000000000000000000000000000000000000000000000000000000000000000000000000000000000000000000000000000000000000000000000000000000000000000000000000000000000000000000000000000000000000000000000000000000000000000000000000000000000000000000000000000000000000000000000000000000000000000000000000000000000000000000000000000000000000000000000000000000000000000000000000000000000000000000000000000000000000000000000000000000000000000000000000000000000000000000000000000000000000000000000000000000000000000000000000000000000000000000000000000000000000000000000000000000000000000000000000000000');
CREATE TABLE "location_index_rowid"(rowid INTEGER PRIMARY KEY, nodeno INTEGER);
INSERT INTO "location_index_rowid" VALUES(1377,1);
INSERT INTO "location_index_rowid" VALUES(1378,1);
INSERT INTO "location_index_rowid" VALUES(1379,1);
INSERT INTO "location_index_rowid" VALUES(1381,1);
INSERT INTO "location_index_rowid" VALUES(1382,1);
INSERT INTO "location_index_rowid" VALUES(1384,1);
INSERT INTO "location_index_rowid" VALUES(1392,1);
INSERT INTO "location_index_rowid" VALUES(1422,1);
INSERT INTO "location_index_rowid" VALUES(1423,1);
INSERT INTO "location_index_rowid" VALUES(1424,1);
INSERT INTO "location_index_rowid" VALUES(1425,1);
INSERT INTO "location_index_rowid" VALUES(1426,1);
INSERT INTO "location_index_rowid" VALUES(1427,1);
INSERT INTO "location_index_rowid" VALUES(1428,1);
INSERT INTO "location_index_rowid" VALUES(1429,1);
INSERT INTO "location_index_rowid" VALUES(1430,1);
INSERT INTO "location_index_rowid" VALUES(1431,1);
INSERT INTO "location_index_rowid" VALUES(1432,1);
INSERT INTO "location_index_rowid" VALUES(1433,1);
INSERT INTO "location_index_rowid" VALUES(1434,1);
INSERT INTO "location_index_rowid" VALUES(1435,1);
INSERT INTO "location_index_rowid" VALUES(1436,1);
CREATE TABLE "location_index_parent"(nodeno INTEGER PRIMARY KEY, parentnode INTEGER);
CREATE TABLE sound (id INTEGER PRIMARY KEY,data TEXT);
INSERT INTO "sound" VALUES(1085,'http://api.dev.locosonic.com/system/uploads/location_sound/file/1085/Big_Space_Drone_3');
INSERT INTO "sound" VALUES(1086,'http://api.dev.locosonic.com/system/uploads/location_sound/file/1086/Space_Wind_01');
INSERT INTO "sound" VALUES(1087,'http://api.dev.locosonic.com/system/uploads/location_sound/file/1087/Found_In_Space_-_17');
INSERT INTO "sound" VALUES(1088,'http://api.dev.locosonic.com/system/uploads/location_sound/file/1088/Singing_Birds_1__Kouri_Forest_-_Salonika__22.05.12_18_10');
INSERT INTO "sound" VALUES(1089,'http://api.dev.locosonic.com/system/uploads/location_sound/file/1089/110728_01__4__seagull.wav');
INSERT INTO "sound" VALUES(1090,'http://api.dev.locosonic.com/system/uploads/location_sound/file/1090/Spfd_lake_bird_song.wav');
INSERT INTO "sound" VALUES(1091,'http://api.dev.locosonic.com/system/uploads/location_sound/file/1091/Water_Sink.wav');
INSERT INTO "sound" VALUES(1092,'http://api.dev.locosonic.com/system/uploads/location_sound/file/1092/Water_stream_1');
INSERT INTO "sound" VALUES(1093,'http://api.dev.locosonic.com/system/uploads/location_sound/file/1093/00570_distant_camp_fire_1.wav');
INSERT INTO "sound" VALUES(1094,'http://api.dev.locosonic.com/system/uploads/location_sound/file/1094/Nighttime_Bonfire_2');
INSERT INTO "sound" VALUES(1095,'http://api.dev.locosonic.com/system/uploads/location_sound/file/1095/Firealarm__Feueralarm_');
INSERT INTO "sound" VALUES(1096,'http://api.dev.locosonic.com/system/uploads/location_sound/file/1096/Fire_Crackling.wav');
INSERT INTO "sound" VALUES(1097,'http://api.dev.locosonic.com/system/uploads/location_sound/file/1097/Windscape.wav');
INSERT INTO "sound" VALUES(1098,'http://api.dev.locosonic.com/system/uploads/location_sound/file/1098/Wind_Houling_little_2.wav');
INSERT INTO "sound" VALUES(1099,'http://api.dev.locosonic.com/system/uploads/location_sound/file/1099/Medium_Wind');
INSERT INTO "sound" VALUES(1100,'http://api.dev.locosonic.com/system/uploads/location_sound/file/1100/luffy_earth5.wav');
INSERT INTO "sound" VALUES(1108,'http://api.dev.locosonic.com/system/uploads/location_sound/file/1108/Fighter_jet_at_night_09.wav');
INSERT INTO "sound" VALUES(1109,'http://api.dev.locosonic.com/system/uploads/location_sound/file/1109/Bugs_at_night_Kauai.wav');
INSERT INTO "sound" VALUES(1110,'http://api.dev.locosonic.com/system/uploads/location_sound/file/1110/Traffic__night.wav');
INSERT INTO "sound" VALUES(1111,'http://api.dev.locosonic.com/system/uploads/location_sound/file/1111/traffic_horns_city_nervous_busy.wav');
INSERT INTO "sound" VALUES(1112,'http://api.dev.locosonic.com/system/uploads/location_sound/file/1112/Town_or_suburbs_amb_-_summer_night.WAV');
INSERT INTO "sound" VALUES(1113,'http://api.dev.locosonic.com/system/uploads/location_sound/file/1113/Windy_Night_01');
INSERT INTO "sound" VALUES(1114,'http://api.dev.locosonic.com/system/uploads/location_sound/file/1114/Sea_lions_screaming_in_the_port_of_Iquique__Chile_');
INSERT INTO "sound" VALUES(1136,'http://api.dev.locosonic.com/system/uploads/location_sound/file/1136/River_1.wav');
INSERT INTO "sound" VALUES(1137,'http://api.dev.locosonic.com/system/uploads/location_sound/file/1137/Landing_Airplane');
INSERT INTO "sound" VALUES(1138,'http://api.dev.locosonic.com/system/uploads/location_sound/file/1138/hip_hop_drums_loop_2');
INSERT INTO "sound" VALUES(1139,'http://api.dev.locosonic.com/system/uploads/location_sound/file/1139/Alien_message_capture.wav');
INSERT INTO "sound" VALUES(1140,'http://api.dev.locosonic.com/system/uploads/location_sound/file/1140/Drum_Loop_1.wav');
INSERT INTO "sound" VALUES(1141,'http://api.dev.locosonic.com/system/uploads/location_sound/file/1141/Messages_Drums.wav');
INSERT INTO "sound" VALUES(1142,'http://api.dev.locosonic.com/system/uploads/location_sound/file/1142/orch_sbhmrx2nr_alt_107.wav');
INSERT INTO "sound" VALUES(1143,'http://api.dev.locosonic.com/system/uploads/location_sound/file/1143/Rock_beat_loop_13_-_loop_ride_pattern_-_Remix_Lowbass_2.wav');
INSERT INTO "sound" VALUES(1144,'http://api.dev.locosonic.com/system/uploads/location_sound/file/1144/robot_genesis.wav');
INSERT INTO "sound" VALUES(1145,'http://api.dev.locosonic.com/system/uploads/location_sound/file/1145/Found_In_Space_-_12');
INSERT INTO "sound" VALUES(1146,'http://api.dev.locosonic.com/system/uploads/location_sound/file/1146/Alien_and_space_noises');
INSERT INTO "sound" VALUES(1147,'http://api.dev.locosonic.com/system/uploads/location_sound/file/1147/Planetary_Rumble.aif');
INSERT INTO "sound" VALUES(1148,'http://api.dev.locosonic.com/system/uploads/location_sound/file/1148/03703_space_phone_transitions.wav');
INSERT INTO "sound" VALUES(1149,'http://api.dev.locosonic.com/system/uploads/location_sound/file/1149/Antique_Telephone_Rings');
INSERT INTO "sound" VALUES(1150,'http://api.dev.locosonic.com/system/uploads/location_sound/file/1150/Robots_and_Electromechanics_-_082.wav');
INSERT INTO "sound" VALUES(1151,'http://api.dev.locosonic.com/system/uploads/location_sound/file/1151/Old_school_drums.wav');
INSERT INTO "sound" VALUES(1152,'http://api.dev.locosonic.com/system/uploads/location_sound/file/1152/sound-alien7.wav');
INSERT INTO "sound" VALUES(1153,'http://api.dev.locosonic.com/system/uploads/location_sound/file/1153/sound-alien5.wav');
INSERT INTO "sound" VALUES(1154,'http://api.dev.locosonic.com/system/uploads/location_sound/file/1154/Aliens_radio_chatter');
INSERT INTO "sound" VALUES(1155,'http://api.dev.locosonic.com/system/uploads/location_sound/file/1155/Alien_-_Radio_message_A5.wav');
INSERT INTO "sound" VALUES(1156,'http://api.dev.locosonic.com/system/uploads/location_sound/file/1156/Dog_Bark_Staffordshire_Bullterrier');
INSERT INTO "sound" VALUES(1157,'http://api.dev.locosonic.com/system/uploads/location_sound/file/1157/bath.wav');
CREATE TABLE sound_file_info (sound_id INTEGER,channels INTEGER,sample_rate REAL,frames INTEGER);
CREATE TABLE location_sound (id INTEGER PRIMARY KEY,location_id INTEGER,sound_id INTEGER,volume REAL,onset_quantization REAL,onset_quantization_phase REAL,offset_quantization REAL,offset_quantization_phase REAL,duration REAL,repetitions REAL);
INSERT INTO "location_sound" VALUES(1222,1377,1085,0.912011,0.0,0.0,0.0,0.0,0.0,0.0);
INSERT INTO "location_sound" VALUES(1223,1377,1086,0.63314,0.0,0.0,0.0,0.0,0.0,0.0);
INSERT INTO "location_sound" VALUES(1224,1378,1087,1.0,0.0,0.0,0.0,0.0,0.0,0.0);
INSERT INTO "location_sound" VALUES(1225,1378,1088,1.0,0.0,0.0,0.0,0.0,0.0,0.0);
INSERT INTO "location_sound" VALUES(1226,1379,1089,1.0,0.0,0.0,0.0,0.0,0.0,0.0);
INSERT INTO "location_sound" VALUES(1227,1379,1090,1.0,0.0,0.0,0.0,0.0,0.0,0.0);
INSERT INTO "location_sound" VALUES(1228,1379,1091,0.601174,0.0,0.0,0.0,0.0,0.0,0.0);
INSERT INTO "location_sound" VALUES(1229,1379,1092,0.268844,0.0,0.0,0.0,0.0,0.0,0.0);
INSERT INTO "location_sound" VALUES(1233,1381,1095,0.461052,-8.0,0.0,0.0,0.0,0.0,2.0);
INSERT INTO "location_sound" VALUES(1234,1381,1093,0.0808165,0.0,0.0,0.0,0.0,0.0,0.0);
INSERT INTO "location_sound" VALUES(1235,1381,1094,0.212691,0.0,0.0,0.0,0.0,0.0,0.0);
INSERT INTO "location_sound" VALUES(1236,1381,1096,0.24322,0.0,0.0,0.0,0.0,0.0,0.0);
INSERT INTO "location_sound" VALUES(1237,1382,1097,0.132587,-1.0,0.0,-1.0,0.0,1.0,0.0);
INSERT INTO "location_sound" VALUES(1239,1382,1098,0.198609,-1.0,0.0,-1.0,0.0,0.0,0.0);
INSERT INTO "location_sound" VALUES(1240,1382,1099,0.253805,-1.0,0.0,-1.0,0.0,0.0,0.0);
INSERT INTO "location_sound" VALUES(1241,1384,1100,0.0383707,-1.0,0.0,-1.0,0.0,0.0,0.0);
INSERT INTO "location_sound" VALUES(1250,1384,1108,0.0638631,-1.0,0.0,-1.0,0.0,0.0,0.0);
INSERT INTO "location_sound" VALUES(1251,1384,1109,0.00832243,-1.0,0.0,-1.0,0.0,0.0,0.0);
INSERT INTO "location_sound" VALUES(1252,1384,1110,0.0866962,-1.0,0.0,-1.0,0.0,0.0,0.0);
INSERT INTO "location_sound" VALUES(1254,1392,1111,0.116078,0.0,0.0,0.0,0.0,0.0,0.0);
INSERT INTO "location_sound" VALUES(1255,1392,1110,0.0876496,0.0,0.0,0.0,0.0,0.0,0.0);
INSERT INTO "location_sound" VALUES(1256,1392,1112,0.0575109,0.0,0.0,0.0,0.0,0.0,0.0);
INSERT INTO "location_sound" VALUES(1257,1392,1113,0.0561694,0.0,0.0,0.0,0.0,0.0,0.0);
INSERT INTO "location_sound" VALUES(1258,1392,1114,1.0,0.0,0.0,0.0,0.0,0.0,0.0);
INSERT INTO "location_sound" VALUES(1288,1422,1136,0.41615,-1.0,0.0,-2.0,0.0,0.0,0.0);
INSERT INTO "location_sound" VALUES(1289,1422,1088,0.625893,-1.0,0.0,-1.0,0.0,0.0,2.0);
INSERT INTO "location_sound" VALUES(1290,1422,1137,0.116078,-1.0,0.0,-1.0,0.0,0.0,0.0);
INSERT INTO "location_sound" VALUES(1291,1423,1138,0.234288,-1.0,0.0,-1.0,0.0,0.0,0.0);
INSERT INTO "location_sound" VALUES(1292,1377,1139,0.0999425,0.0,0.0,1.0,0.0,0.0,0.0);
INSERT INTO "location_sound" VALUES(1293,1422,1140,0.471249,-1.0,0.0,-1.0,0.0,0.0,0.0);
INSERT INTO "location_sound" VALUES(1294,1382,1141,0.338649,0.0,0.0,-1.0,0.0,0.0,0.0);
INSERT INTO "location_sound" VALUES(1295,1424,1142,0.564287,0.0,0.0,0.0,0.0,0.0,0.0);
INSERT INTO "location_sound" VALUES(1296,1424,1143,0.197925,0.0,0.0,0.0,0.0,0.0,0.0);
INSERT INTO "location_sound" VALUES(1297,1425,1144,0.680769,0.0,0.0,0.0,0.0,0.0,4.0);
INSERT INTO "location_sound" VALUES(1298,1425,1145,0.510505,0.0,0.0,0.0,0.0,0.0,0.0);
INSERT INTO "location_sound" VALUES(1299,1426,1146,0.439289,0.0,0.0,0.0,0.0,0.0,4.0);
INSERT INTO "location_sound" VALUES(1300,1427,1147,0.322292,0.0,0.0,0.0,0.0,0.0,0.0);
INSERT INTO "location_sound" VALUES(1301,1428,1148,0.605341,0.0,0.0,0.0,0.0,0.0,0.0);
INSERT INTO "location_sound" VALUES(1302,1429,1149,0.1378,0.0,0.0,0.0,0.0,0.0,8.0);
INSERT INTO "location_sound" VALUES(1303,1430,1150,0.28774,0.0,0.0,0.0,0.0,0.0,0.0);
INSERT INTO "location_sound" VALUES(1304,1384,1151,0.399715,0.0,0.0,0.0,0.0,0.0,0.0);
INSERT INTO "location_sound" VALUES(1305,1431,1152,0.567545,0.0,0.0,0.0,0.0,0.0,0.0);
INSERT INTO "location_sound" VALUES(1306,1432,1153,1.0,0.0,0.0,0.0,0.0,0.0,8.0);
INSERT INTO "location_sound" VALUES(1307,1433,1154,0.524807,0.0,0.0,0.0,0.0,0.0,0.0);
INSERT INTO "location_sound" VALUES(1308,1434,1155,0.475335,0.0,0.0,0.0,0.0,0.0,4.0);
INSERT INTO "location_sound" VALUES(1309,1379,1140,0.402717,0.0,0.0,0.0,0.0,0.0,0.0);
INSERT INTO "location_sound" VALUES(1310,1435,1156,0.507867,-1.0,0.0,-1.0,0.0,0.0,2.0);
INSERT INTO "location_sound" VALUES(1311,1436,1157,1.0,0.0,0.0,0.0,0.0,0.0,0.0);
PRAGMA writable_schema=OFF;
COMMIT;
