PRAGMA foreign_keys=OFF;
BEGIN TRANSACTION;
CREATE TABLE soundscape (id INTEGER PRIMARY KEY,name TEXT,tempo REAL,meter_nominator INTEGER,meter_denominator INTEGER);
INSERT INTO "soundscape" VALUES(132,'The party',1.31667,4,4);
CREATE TABLE location (id INTEGER PRIMARY KEY,soundscape_id INTEGER,latitude REAL,longitude REAL,radius REAL,volume REAL,distance_scale_parameter REAL);
INSERT INTO "location" VALUES(1385,132,4.13554791179832150751e+01,2.12673702003358489065e+00,10.0,1.0,0.1);
INSERT INTO "location" VALUES(1386,132,4.13555676175118094297e+01,2.12679596934958237142e+00,55.0,1.0,0.1);
INSERT INTO "location" VALUES(1387,132,4.13557084119679458939e+01,2.12657861610619791647e+00,12.0,1.0,0.1);
INSERT INTO "location" VALUES(1388,132,4.13557285254366604467e+01,2.12702653153833587396e+00,22.0,1.0,0.1);
INSERT INTO "location" VALUES(1389,132,4.13555857196733782626e+01,2.12680400385067347457e+00,43.0,1.0,0.1);
INSERT INTO "location" VALUES(1390,132,4.13555857196734280014e+01,2.12678522838756878243e+00,20.0,0.794328,0.1);
PRAGMA writable_schema=ON;
INSERT INTO sqlite_master(type,name,tbl_name,rootpage,sql)VALUES('table','location_index','location_index',0,'CREATE VIRTUAL TABLE location_index USING rtree (id, min_latitude, max_latitude, min_longitude, max_longitude)');
CREATE TABLE "location_index_node"(nodeno INTEGER PRIMARY KEY, data BLOB);
INSERT INTO "location_index_node" VALUES(1,X'00000006000000000000056942256BEB42256C1C40081A7F40081E6D000000000000056A42256B9842256C9C400812A040082839000000000000056B42256C2142256C5C4008178240081C39000000000000056C42256C1042256C7840081CE240082586000000000000056D42256BB942256C854008151D40082600000000000000056E42256BEE42256C4E400819524008212D0000000000000000000000000000000000000000000000000000000000000000000000000000000000000000000000000000000000000000000000000000000000000000000000000000000000000000000000000000000000000000000000000000000000000000000000000000000000000000000000000000000000000000000000000000000000000000000000000000000000000000000000000000000000000000000000000000000000000000000000000000000000000000000000000000000000000000000000000000000000000000000000000000000000000000000000000000000000000000000000000000000000000000000000000000000000000000000000000000000000000000000000000000000000000000000000000000000000000000000000000000000000000000000000000000000000000000000000000000000000000000000000000000000000000000000000000000000000000000000000000000000000000000000000000000000000000000000000000000000000000000000000000000000000000000000000000000000000000000000000000000000000000000000000000000000000000000000000000000000000000000000000000000000000000000000000000000000000000000000000000000000000000000000000000000000000000000000000000000000000000000000000000000000000000000000000000000000000000000000000000000000000000000000000000000000000000000000000000000000000000000000000000000000000000000000000000000000000000000000000000000000000000000000000000000000000000000000000000000000000000000000000000000000000000000000000000000000000000000000000000000000000000000000000000000000000000000000000000000000000000000000000000000000000000000000000000000000000000000000000000000000000000000000000000000000000000000000000000000000000000000000000000000000000000000000000000000000000000000000000000000000000000000000000000000000000000000000000000000000000000000');
CREATE TABLE "location_index_rowid"(rowid INTEGER PRIMARY KEY, nodeno INTEGER);
INSERT INTO "location_index_rowid" VALUES(1385,1);
INSERT INTO "location_index_rowid" VALUES(1386,1);
INSERT INTO "location_index_rowid" VALUES(1387,1);
INSERT INTO "location_index_rowid" VALUES(1388,1);
INSERT INTO "location_index_rowid" VALUES(1389,1);
INSERT INTO "location_index_rowid" VALUES(1390,1);
CREATE TABLE "location_index_parent"(nodeno INTEGER PRIMARY KEY, parentnode INTEGER);
CREATE TABLE sound (id INTEGER PRIMARY KEY,data TEXT);
INSERT INTO "sound" VALUES(1102,'http://api.dev.locosonic.com/system/uploads/location_sound/file/1102/arpeggiator5_absynth.wav');
INSERT INTO "sound" VALUES(1103,'http://api.dev.locosonic.com/system/uploads/location_sound/file/1103/arpeggiator7_drums_16_takte.wav');
INSERT INTO "sound" VALUES(1104,'http://api.dev.locosonic.com/system/uploads/location_sound/file/1104/arpeggiator4_absynth-16-takte.wav');
INSERT INTO "sound" VALUES(1105,'http://api.dev.locosonic.com/system/uploads/location_sound/file/1105/arpeggiator5_drums.wav');
INSERT INTO "sound" VALUES(1106,'http://api.dev.locosonic.com/system/uploads/location_sound/file/1106/arpeggiator4_drums-16-takte.wav');
INSERT INTO "sound" VALUES(1107,'http://api.dev.locosonic.com/system/uploads/location_sound/file/1107/arpeggiator8_house_absynth_8_takte.wav');
CREATE TABLE sound_file_info (sound_id INTEGER,channels INTEGER,sample_rate REAL,frames INTEGER);
CREATE TABLE location_sound (id INTEGER PRIMARY KEY,location_id INTEGER,sound_id INTEGER,volume REAL,onset_quantization REAL,onset_quantization_phase REAL,offset_quantization REAL,offset_quantization_phase REAL,duration REAL,repetitions REAL);
INSERT INTO "location_sound" VALUES(1244,1385,1102,1.0,-1.0,0.0,-1.0,0.0,0.0,0.0);
INSERT INTO "location_sound" VALUES(1245,1386,1103,1.0,-1.0,0.0,0.0,0.0,0.0,0.0);
INSERT INTO "location_sound" VALUES(1246,1387,1104,0.615886,-1.0,0.0,-1.0,0.0,0.0,0.0);
INSERT INTO "location_sound" VALUES(1247,1388,1105,1.0,-1.0,0.0,-1.0,0.0,0.0,0.0);
INSERT INTO "location_sound" VALUES(1248,1389,1106,0.795701,-1.0,0.0,-1.0,0.0,0.0,0.0);
INSERT INTO "location_sound" VALUES(1249,1390,1107,0.656523,-1.0,0.0,-1.0,0.0,0.0,0.0);
PRAGMA writable_schema=OFF;
COMMIT;
