PRAGMA foreign_keys=OFF;
BEGIN TRANSACTION;
CREATE TABLE soundscape (id INTEGER PRIMARY KEY,name TEXT,tempo REAL,meter_nominator INTEGER,meter_denominator INTEGER);
INSERT INTO "soundscape" VALUES(138,'scape_test',2.11667,4,4);
CREATE TABLE location (id INTEGER PRIMARY KEY,soundscape_id INTEGER,latitude REAL,longitude REAL,radius REAL,volume REAL,distance_scale_parameter REAL);
INSERT INTO "location" VALUES(1446,138,5.57689541873056171539e+01,3.76266181468963623046e+01,15.0,1.0,0.1);
INSERT INTO "location" VALUES(1447,138,5.57688787458863615125e+01,3.76268649101257324218e+01,6.0,1.0,0.1);
INSERT INTO "location" VALUES(1448,138,5.57688960974256104936e+01,3.76267804205417633056e+01,9.0,1.0,0.1);
INSERT INTO "location" VALUES(1449,138,5.57705293707928788631e+01,3.76280289888381958007e+01,48.0,1.0,0.1);
INSERT INTO "location" VALUES(1450,138,5.57706606332104257725e+01,3.76287907361984252929e+01,37.0,1.0,0.1);
INSERT INTO "location" VALUES(1451,138,5.57706696857745498618e+01,3.76292628049850463867e+01,41.0,1.0,0.1);
INSERT INTO "location" VALUES(1452,138,5.57707043872513850155e+01,3.76300030946731567382e+01,25.0,1.0,0.1);
INSERT INTO "location" VALUES(1453,138,5.57700857910768661458e+01,3.76303625106811523437e+01,25.0,1.0,0.1);
PRAGMA writable_schema=ON;
INSERT INTO sqlite_master(type,name,tbl_name,rootpage,sql)VALUES('table','location_index','location_index',0,'CREATE VIRTUAL TABLE location_index USING rtree (id, min_latitude, max_latitude, min_longitude, max_longitude)');
CREATE TABLE "location_index_node"(nodeno INTEGER PRIMARY KEY, data BLOB);
INSERT INTO "location_index_node" VALUES(1,X'0000000800000000000005A6425F1345425F138E42168169421681E800000000000005A7425F1345425F1365421681CF4216820300000000000005A8425F1344425F136F421681AD421681FA00000000000005A9425F1494425F157742168250421683E400000000000005AA425F14CF425F1581421683454216847D00000000000005AB425F14C8425F158D421683B04216850A00000000000005AC425F14F7425F1570421684B64216858900000000000005AD425F1456425F14CE42168514421685E70000000000000000000000000000000000000000000000000000000000000000000000000000000000000000000000000000000000000000000000000000000000000000000000000000000000000000000000000000000000000000000000000000000000000000000000000000000000000000000000000000000000000000000000000000000000000000000000000000000000000000000000000000000000000000000000000000000000000000000000000000000000000000000000000000000000000000000000000000000000000000000000000000000000000000000000000000000000000000000000000000000000000000000000000000000000000000000000000000000000000000000000000000000000000000000000000000000000000000000000000000000000000000000000000000000000000000000000000000000000000000000000000000000000000000000000000000000000000000000000000000000000000000000000000000000000000000000000000000000000000000000000000000000000000000000000000000000000000000000000000000000000000000000000000000000000000000000000000000000000000000000000000000000000000000000000000000000000000000000000000000000000000000000000000000000000000000000000000000000000000000000000000000000000000000000000000000000000000000000000000000000000000000000000000000000000000000000000000000000000000000000000000000000000000000000000000000000000000000000000000000000000000000000000000000000000000000000000000000000000000000000000000000000000000000000000000000000000000000000000000000000000000000000000000000000000000000000000000000000000000000000000000000000000000000000000000000000000000000000000000000000000000000000000000000000000000000000000000000000000000000000000000000000000000000');
CREATE TABLE "location_index_rowid"(rowid INTEGER PRIMARY KEY, nodeno INTEGER);
INSERT INTO "location_index_rowid" VALUES(1446,1);
INSERT INTO "location_index_rowid" VALUES(1447,1);
INSERT INTO "location_index_rowid" VALUES(1448,1);
INSERT INTO "location_index_rowid" VALUES(1449,1);
INSERT INTO "location_index_rowid" VALUES(1450,1);
INSERT INTO "location_index_rowid" VALUES(1451,1);
INSERT INTO "location_index_rowid" VALUES(1452,1);
INSERT INTO "location_index_rowid" VALUES(1453,1);
CREATE TABLE "location_index_parent"(nodeno INTEGER PRIMARY KEY, parentnode INTEGER);
CREATE TABLE sound (id INTEGER PRIMARY KEY,data TEXT);
INSERT INTO "sound" VALUES(1167,'http://api.dev.locosonic.com/system/uploads/location_sound/file/1167/BEAT-3.wav');
INSERT INTO "sound" VALUES(1169,'http://api.dev.locosonic.com/system/uploads/location_sound/file/1169/MELODY-2.wav');
INSERT INTO "sound" VALUES(1170,'http://api.dev.locosonic.com/system/uploads/location_sound/file/1170/BEAT-2.wav');
INSERT INTO "sound" VALUES(1171,'http://api.dev.locosonic.com/system/uploads/location_sound/file/1171/BASS-1.wav');
INSERT INTO "sound" VALUES(1172,'http://api.dev.locosonic.com/system/uploads/location_sound/file/1172/BEAT-1.wav');
INSERT INTO "sound" VALUES(1173,'http://api.dev.locosonic.com/system/uploads/location_sound/file/1173/MELODY-1.wav');
CREATE TABLE sound_file_info (sound_id INTEGER,channels INTEGER,sample_rate REAL,frames INTEGER);
CREATE TABLE location_sound (id INTEGER PRIMARY KEY,location_id INTEGER,sound_id INTEGER,volume REAL,onset_quantization REAL,onset_quantization_phase REAL,offset_quantization REAL,offset_quantization_phase REAL,duration REAL,repetitions REAL);
INSERT INTO "location_sound" VALUES(1322,1446,1167,1.0,-1.0,0.0,0.0,0.0,-1.0,0.0);
INSERT INTO "location_sound" VALUES(1323,1447,1170,1.0,-1.0,0.0,0.0,0.0,-1.0,0.0);
INSERT INTO "location_sound" VALUES(1324,1448,1169,1.0,-1.0,0.0,0.0,0.0,-8.0,0.0);
INSERT INTO "location_sound" VALUES(1325,1449,1171,1.0,-1.0,0.0,0.0,0.0,-4.0,0.0);
INSERT INTO "location_sound" VALUES(1326,1450,1172,1.0,-1.0,0.0,0.0,0.0,-4.0,0.0);
INSERT INTO "location_sound" VALUES(1327,1451,1173,1.0,-4.0,0.0,0.0,0.0,-8.0,0.0);
INSERT INTO "location_sound" VALUES(1328,1452,1167,1.0,-4.0,0.0,0.0,0.0,-4.0,0.0);
PRAGMA writable_schema=OFF;
COMMIT;
