PRAGMA foreign_keys=OFF;
BEGIN TRANSACTION;
CREATE TABLE soundscape (id INTEGER PRIMARY KEY,name TEXT,tempo REAL,meter_nominator INTEGER,meter_denominator INTEGER);
INSERT INTO "soundscape" VALUES(142,'Mini Maker Faire',2.33333,4,4);
CREATE TABLE location (id INTEGER PRIMARY KEY,soundscape_id INTEGER,latitude REAL,longitude REAL,radius REAL,volume REAL,distance_scale_parameter REAL);
INSERT INTO "location" VALUES(1458,142,4.13912217286216801417e+01,2.1787744760513305664e+00,30.0,0.501187,0.0104713);
INSERT INTO "location" VALUES(1459,142,41.3915336229669,2.17583477497100830078e+00,15.0,0.681161,0.0104713);
INSERT INTO "location" VALUES(1461,142,4.13908092208990794355e+01,2.17784643173217773437e+00,26.0,1.0,0.0104713);
INSERT INTO "location" VALUES(1463,142,4.13910164812040193282e+01,2.17612177133560180664e+00,34.0,0.541066,0.0218776);
INSERT INTO "location" VALUES(1465,142,4.13904751883374260029e+01,2.17694252729415893554e+00,17.0,1.0,0.131826);
INSERT INTO "location" VALUES(1467,142,4.13922640535456238825e+01,2.176837921142578125e+00,29.0,2.51189,0.275423);
INSERT INTO "location" VALUES(1473,142,4.13907428169720859045e+01,2.17724561691284179687e+00,8.0,0.584454,0.0165959);
INSERT INTO "location" VALUES(1476,142,4.13909239184305874923e+01,2.17817902565002441406e+00,47.0,0.998849,0.025704);
INSERT INTO "location" VALUES(1479,142,4.13917931984101841172e+01,2.17620223760604858398e+00,15.0,0.584454,0.0416869);
INSERT INTO "location" VALUES(1497,142,4.13907508659368588137e+01,2.17658579349517822265e+00,30.0,0.630957,0.0123027);
INSERT INTO "location" VALUES(1498,142,4.13912136797155341119e+01,2.17585086822509765625e+00,15.0,0.251189,0.0269153);
INSERT INTO "location" VALUES(1525,142,4.13917428931728679239e+01,2.17744141817092895507e+00,16.0,3.98107,0.1);
INSERT INTO "location" VALUES(1526,142,4.13916020383008955709e+01,2.17767745256423950195e+00,28.0,1.0,0.1);
INSERT INTO "location" VALUES(1527,142,4.13919340528682582185e+01,2.17724829912185668945e+00,31.0,1.0,0.1);
INSERT INTO "location" VALUES(1528,142,4.13914309998317122554e+01,2.17803955078125,25.0,1.0,0.281838);
INSERT INTO "location" VALUES(1529,142,4.13915678306429555286e+01,2.17832922935485839843e+00,25.0,0.681161,0.0104713);
INSERT INTO "location" VALUES(1530,142,4.13916744779873155843e+01,2.17604130506515502929e+00,17.0,0.681161,0.0104713);
INSERT INTO "location" VALUES(1531,142,4.13919219796407702452e+01,2.17636048793792724609e+00,20.0,0.681161,0.0104713);
INSERT INTO "location" VALUES(1532,142,4.13921735047458483336e+01,2.17671722173690795898e+00,20.0,0.681161,0.0104713);
INSERT INTO "location" VALUES(1534,142,4.13916805146243262916e+01,2.17845797538757324218e+00,25.0,1.0,0.1);
INSERT INTO "location" VALUES(1535,142,4.13916422825810599323e+01,2.17838019132614135742e+00,24.0,1.0,0.0331131);
INSERT INTO "location" VALUES(1536,142,4.13919581993160505799e+01,2.17875301837921142578e+00,34.0,0.681161,0.0114815);
INSERT INTO "location" VALUES(1537,142,4.13930186219710734025e+01,2.1778920292854309082e+00,27.0,1.0,0.0114815);
INSERT INTO "location" VALUES(1538,142,41.3906985476499,2.17724561691284179687e+00,24.0,0.630957,0.0104713);
INSERT INTO "location" VALUES(1539,142,4.13923857911775385778e+01,2.17883080244064331054e+00,24.0,0.584454,0.1);
INSERT INTO "location" VALUES(1540,142,4.13907750128242284386e+01,2.17768549919128417968e+00,25.0,1.0,0.1);
INSERT INTO "location" VALUES(1541,142,4.1392617192659187709e+01,2.17852771282196044921e+00,26.0,0.681161,0.0104713);
INSERT INTO "location" VALUES(1542,142,4.13906059844246172491e+01,2.17741727828979492187e+00,12.0,1.0,0.1);
INSERT INTO "location" VALUES(1543,142,4.13908233065719528571e+01,2.1773529052734375e+00,8.0,1.0,0.1);
INSERT INTO "location" VALUES(1544,142,4.13912619731375670557e+01,2.17552363872528076171e+00,34.0,1.0,0.025704);
INSERT INTO "location" VALUES(1545,142,4.13928244472000486089e+01,2.17822730541229248046e+00,21.0,0.271175,0.0269153);
INSERT INTO "location" VALUES(1546,142,4.13909923344065475711e+01,2.17835068702697753906e+00,25.0,0.396735,0.042658);
INSERT INTO "location" VALUES(1547,142,4.13927308809114862225e+01,2.17751383781433105468e+00,26.0,1.0,0.0104713);
INSERT INTO "location" VALUES(1548,142,4.13909118450162623065e+01,2.17634975910186767578e+00,25.0,0.630957,0.102329);
INSERT INTO "location" VALUES(1550,142,4.1392363657079670248e+01,2.17703908681869506835e+00,14.0,1.0,0.1);
INSERT INTO "location" VALUES(1551,142,4.13924411263894711501e+01,2.17710882425308227539e+00,12.0,1.0,0.1);
INSERT INTO "location" VALUES(1552,142,4.13924874067123198511e+01,2.1771933138370513916e+00,12.0,1.0,0.1);
INSERT INTO "location" VALUES(1553,142,4.13925658819670090355e+01,2.17728585004806518554e+00,12.0,1.0,0.1);
INSERT INTO "location" VALUES(1554,142,4.13907347680070571973e+01,2.1765804290771484375e+00,16.0,0.501187,0.1);
INSERT INTO "location" VALUES(1555,142,4.13907709883436112372e+01,2.17665016651153564453e+00,10.0,1.0,0.1);
INSERT INTO "location" VALUES(1556,142,4.13909983711068107936e+01,2.17612981796264648437e+00,12.0,0.398107,0.1);
INSERT INTO "location" VALUES(1557,142,4.13911834963089049228e+01,2.17613250017166137695e+00,12.0,0.316228,0.1);
INSERT INTO "location" VALUES(1558,142,4.13909701998341361672e+01,2.1782970428466796875e+00,28.0,0.251189,0.1);
INSERT INTO "location" VALUES(1559,142,4.13920447240138713587e+01,2.17655628919601440429e+00,15.0,1.0,0.1);
INSERT INTO "location" VALUES(1560,142,4.13918535646439664796e+01,2.17647582292556762695e+00,8.0,1.0,0.1);
INSERT INTO "location" VALUES(1561,142,4.13921795413367519253e+01,2.17673331499099731445e+00,12.0,0.584454,0.194984);
INSERT INTO "location" VALUES(1562,142,41.3916644169247,2.17600911855697631835e+00,12.0,0.541066,0.371535);
INSERT INTO "location" VALUES(1563,142,4.13911009949251820208e+01,2.17746019363403320312e+00,25.0,1.0,0.0263027);
INSERT INTO "location" VALUES(1565,142,4.1391245875334277569e+01,2.17884957790374755859e+00,20.0,0.501187,0.1);
INSERT INTO "location" VALUES(1566,142,4.13913988043048277623e+01,2.17923045158386230468e+00,25.0,1.0,0.1);
INSERT INTO "location" VALUES(1567,142,4.13914752686550926332e+01,2.17944502830505371093e+00,25.0,0.735783,0.0501187);
INSERT INTO "location" VALUES(1568,142,4.13916000260862304571e+01,2.17976152896881103515e+00,25.0,0.540443,0.0416869);
INSERT INTO "location" VALUES(1570,142,4.13914108776292266611e+01,2.18013167381286621093e+00,25.0,1.0,0.1);
INSERT INTO "location" VALUES(1572,142,4.1391076848158974144e+01,2.17742800712585449218e+00,20.0,0.464248,0.1);
INSERT INTO "location" VALUES(1573,142,41.3921352729929,2.17926263809204101562e+00,26.0,0.630957,0.1);
INSERT INTO "location" VALUES(1574,142,4.13918535646439664796e+01,2.17953085899353027343e+00,22.0,1.0,0.1);
PRAGMA writable_schema=ON;
INSERT INTO sqlite_master(type,name,tbl_name,rootpage,sql)VALUES('table','location_index','location_index',0,'CREATE VIRTUAL TABLE location_index USING rtree (id, min_latitude, max_latitude, min_longitude, max_longitude)');
CREATE TABLE "location_index_node"(nodeno INTEGER PRIMARY KEY, data BLOB);
INSERT INTO "location_index_node" VALUES(1,X'00010002000000000000000342258FAF422591F3400B3519400B5703000000000000000242258FD9422592B4400B51DB400B8C300000000000000000000000000000000000000000000000000000000000000000000000000000000000000000000000000000000000000000000000000000000000000000000000000000000000000000000000000000000000000000000000000000000000000000000000000000000000000000000000000000000000000000000000000000000000000000000000000000000000000000000000000000000000000000000000000000000000000000000000000000000000000000000000000000000000000000000000000000000000000000000000000000000000000000000000000000000000000000000000000000000000000000000000000000000000000000000000000000000000000000000000000000000000000000000000000000000000000000000000000000000000000000000000000000000000000000000000000000000000000000000000000000000000000000000000000000000000000000000000000000000000000000000000000000000000000000000000000000000000000000000000000000000000000000000000000000000000000000000000000000000000000000000000000000000000000000000000000000000000000000000000000000000000000000000000000000000000000000000000000000000000000000000000000000000000000000000000000000000000000000000000000000000000000000000000000000000000000000000000000000000000000000000000000000000000000000000000000000000000000000000000000000000000000000000000000000000000000000000000000000000000000000000000000000000000000000000000000000000000000000000000000000000000000000000000000000000000000000000000000000000000000000000000000000000000000000000000000000000000000000000000000000000000000000000000000000000000000000000000000000000000000000000000000000000000000000000000000000000000000000000000000000000000000000000000000000000000000000000000000000000000000000000000000000000000000000000000000000000000000000000000000000000000000000000000000000000000000000000000000000000000000000000000000000000000000000000000000000000000000000000000000000000000000000000000000000000000000000000000000000000000000000');
INSERT INTO "location_index_node" VALUES(2,X'00000024000000000000060E422591A5422591E9400B51DB400B575C00000000000005F74225910E422591A2400B51F1400B5E20000000000000060242258FD94225904C400B5347400B5CB5000000000000060F422591BF422591FA400B5364400B581C0000000000000610422591CB42259205400B54C7400B597E0000000000000611422591DF4225921A400B564B400B5B0300000000000005C14225900C42259032400B566B400B5991000000000000060B422591E942259267400B5747400B617F00000000000005F5422590FF4225914B400B580E400B5E5800000000000006074225902142259047400B582D400B5B53000000000000060642258FDD42259019400B5872400B5D2A00000000000005F6422590BE42259143400B5991400B6492000000000000060442258FEC42259064400B5A4A400B641C00000000000005B542258FF24225906E400B5CBA400B66F2000000000000060142259233422592B4400B5D47400B67E300000000000005C442258FDE422590BE400B5E0D400B708500000000000005F84225909842259110400B6017400B69E900000000000006094225920F42259273400B63F3400B6C3400000000000005F9422590BC42259133400B64D6400B6EA8000000000000060A422590254225909D400B6530400B6F0200000000000005FF422590D242259145400B65DE400B6F4D00000000000005FE422590D842259150400B66F2400B70C40000000000000605422591CC42259248400B67E4400B721B00000000000006004225910D422591AE400B6A02400B775F00000000000005B242259054422590E4400B6B26400B76EF00000000000006034225919542259207400B6D40400B76AF0000000000000616422590184225909D400B63B8400B6EB8000000000000061B42259041422590B8400B5699400B606B000000000000061D42259072422590D2400B6E57400B7634000000000000061E4225908F42259106400B739A400B7D6C000000000000061F422590A34225911A400B771E400B80F00000000000000620422590C34225913B400B7C4C400B862100000000000006224225909342259109400B825E400B8C30000000000000062442259047422590A6400B570D400B5EE900000000000006254225914D422591CA400B73EE400B7E2600000000000006264225910E42259176400B791C400B81C20000000000000000000000000000000000000000000000000000000000000000000000000000000000000000000000000000000000000000000000000000000000000000000000000000000000000000000000000000000000000000');
INSERT INTO "location_index_node" VALUES(3,X'00000014000000000000060842259056422590F8400B3519400B427600000000000005B3422590CA42259112400B3DEE400B43D300000000000005DA42259076422590BE400B3E31400B441700000000000005B742259016422590B7400B3EE6400B4C4200000000000005FA422590EB4225913C400B40EB400B479A00000000000005C74225910E42259156400B43F2400B49D8000000000000060C4225901042259087400B4466400B4E3B00000000000005FB4225912442259184400B458F400B4D6C00000000000005D942258FDA42259068400B474A400B5313000000000000061242258FF742259044400B49F2400B503E00000000000005FC42259165422591C6400B4B68400B534400000000000005BB42259169422591F3400B4B9D400B570300000000000006134225900D4225903E400B4C45400B503400000000000005B942258FAF42259001400B4FB0400B565F0000000000000614422590444225907F400B435A400B4812000000000000061542259076422590AF400B4365400B481D00000000000006174225915042259198400B49BF400B4FA500000000000006184225912F42259155400B49CF400B4CF500000000000006194225917B422591B4400B4D3D400B51F5000000000000061A422590F44225912D400B4160400B46180000000000000000000000000000000000000000000000000000000000000000000000000000000000000000000000000000000000000000000000000000000000000000000000000000000000000000000000000000000000000000000000000000000000000000000000000000000000000000000000000000000000000000000000000000000000000000000000000000000000000000000000000000000000000000000000000000000000000000000000000000000000000000000000000000000000000000000000000000000000000000000000000000000000000000000000000000000000000000000000000000000000000000000000000000000000000000000000000000000000000000000000000000000000000000000000000000000000000000000000000000000000000000000000000000000000000000000000000000000000000000000000000000000000000000000000000000000000000000000000000000000000000000000000000000000000000000000000000000000000000000000000000000000000000000000000000000000000000000000000000000000000000000000000000000000000000000000000000000000000000000000000000000000000000000000000000000000000000000');
CREATE TABLE "location_index_rowid"(rowid INTEGER PRIMARY KEY, nodeno INTEGER);
INSERT INTO "location_index_rowid" VALUES(1458,2);
INSERT INTO "location_index_rowid" VALUES(1459,3);
INSERT INTO "location_index_rowid" VALUES(1461,2);
INSERT INTO "location_index_rowid" VALUES(1463,3);
INSERT INTO "location_index_rowid" VALUES(1465,3);
INSERT INTO "location_index_rowid" VALUES(1467,3);
INSERT INTO "location_index_rowid" VALUES(1473,2);
INSERT INTO "location_index_rowid" VALUES(1476,2);
INSERT INTO "location_index_rowid" VALUES(1479,3);
INSERT INTO "location_index_rowid" VALUES(1497,3);
INSERT INTO "location_index_rowid" VALUES(1498,3);
INSERT INTO "location_index_rowid" VALUES(1525,2);
INSERT INTO "location_index_rowid" VALUES(1526,2);
INSERT INTO "location_index_rowid" VALUES(1527,2);
INSERT INTO "location_index_rowid" VALUES(1528,2);
INSERT INTO "location_index_rowid" VALUES(1529,2);
INSERT INTO "location_index_rowid" VALUES(1530,3);
INSERT INTO "location_index_rowid" VALUES(1531,3);
INSERT INTO "location_index_rowid" VALUES(1532,3);
INSERT INTO "location_index_rowid" VALUES(1534,2);
INSERT INTO "location_index_rowid" VALUES(1535,2);
INSERT INTO "location_index_rowid" VALUES(1536,2);
INSERT INTO "location_index_rowid" VALUES(1537,2);
INSERT INTO "location_index_rowid" VALUES(1538,2);
INSERT INTO "location_index_rowid" VALUES(1539,2);
INSERT INTO "location_index_rowid" VALUES(1540,2);
INSERT INTO "location_index_rowid" VALUES(1541,2);
INSERT INTO "location_index_rowid" VALUES(1542,2);
INSERT INTO "location_index_rowid" VALUES(1543,2);
INSERT INTO "location_index_rowid" VALUES(1544,3);
INSERT INTO "location_index_rowid" VALUES(1545,2);
INSERT INTO "location_index_rowid" VALUES(1546,2);
INSERT INTO "location_index_rowid" VALUES(1547,2);
INSERT INTO "location_index_rowid" VALUES(1548,3);
INSERT INTO "location_index_rowid" VALUES(1550,2);
INSERT INTO "location_index_rowid" VALUES(1551,2);
INSERT INTO "location_index_rowid" VALUES(1552,2);
INSERT INTO "location_index_rowid" VALUES(1553,2);
INSERT INTO "location_index_rowid" VALUES(1554,3);
INSERT INTO "location_index_rowid" VALUES(1555,3);
INSERT INTO "location_index_rowid" VALUES(1556,3);
INSERT INTO "location_index_rowid" VALUES(1557,3);
INSERT INTO "location_index_rowid" VALUES(1558,2);
INSERT INTO "location_index_rowid" VALUES(1559,3);
INSERT INTO "location_index_rowid" VALUES(1560,3);
INSERT INTO "location_index_rowid" VALUES(1561,3);
INSERT INTO "location_index_rowid" VALUES(1562,3);
INSERT INTO "location_index_rowid" VALUES(1563,2);
INSERT INTO "location_index_rowid" VALUES(1565,2);
INSERT INTO "location_index_rowid" VALUES(1566,2);
INSERT INTO "location_index_rowid" VALUES(1567,2);
INSERT INTO "location_index_rowid" VALUES(1568,2);
INSERT INTO "location_index_rowid" VALUES(1570,2);
INSERT INTO "location_index_rowid" VALUES(1572,2);
INSERT INTO "location_index_rowid" VALUES(1573,2);
INSERT INTO "location_index_rowid" VALUES(1574,2);
CREATE TABLE "location_index_parent"(nodeno INTEGER PRIMARY KEY, parentnode INTEGER);
INSERT INTO "location_index_parent" VALUES(2,1);
INSERT INTO "location_index_parent" VALUES(3,1);
CREATE TABLE sound (id INTEGER PRIMARY KEY,data TEXT);
INSERT INTO "sound" VALUES(1152,'http://api.dev.locosonic.com/system/uploads/location_sound/file/1152/sound-alien7.wav');
INSERT INTO "sound" VALUES(1153,'http://api.dev.locosonic.com/system/uploads/location_sound/file/1153/sound-alien5.wav');
INSERT INTO "sound" VALUES(1183,'http://api.dev.locosonic.com/system/uploads/location_sound/file/1183/Amped_dubstep_loop_140BPM');
INSERT INTO "sound" VALUES(1184,'http://api.dev.locosonic.com/system/uploads/location_sound/file/1184/Amped_dubstep_loop_140BPM__2');
INSERT INTO "sound" VALUES(1189,'http://api.dev.locosonic.com/system/uploads/location_sound/file/1189/140bpmglitch1.wav');
INSERT INTO "sound" VALUES(1190,'http://api.dev.locosonic.com/system/uploads/location_sound/file/1190/140bpmglitch2.wav');
INSERT INTO "sound" VALUES(1191,'http://api.dev.locosonic.com/system/uploads/location_sound/file/1191/140bpmglitch4.wav');
INSERT INTO "sound" VALUES(1233,'http://api.dev.locosonic.com/system/uploads/location_sound/file/1233/ocean-3.wav');
INSERT INTO "sound" VALUES(1234,'http://api.dev.locosonic.com/system/uploads/location_sound/file/1234/ZOOM0060.WAV');
INSERT INTO "sound" VALUES(1235,'http://api.dev.locosonic.com/system/uploads/location_sound/file/1235/ZOOM0061.WAV');
INSERT INTO "sound" VALUES(1236,'http://api.dev.locosonic.com/system/uploads/location_sound/file/1236/ZOOM0062.WAV');
INSERT INTO "sound" VALUES(1238,'http://api.dev.locosonic.com/system/uploads/location_sound/file/1238/ZOOM0066.WAV');
INSERT INTO "sound" VALUES(1239,'http://api.dev.locosonic.com/system/uploads/location_sound/file/1239/140_bpm_hat_loop');
INSERT INTO "sound" VALUES(1304,'http://api.dev.locosonic.com/system/uploads/location_sound/file/1304/harp013.wav');
INSERT INTO "sound" VALUES(1305,'http://api.dev.locosonic.com/system/uploads/location_sound/file/1305/harp012.wav');
INSERT INTO "sound" VALUES(1306,'http://api.dev.locosonic.com/system/uploads/location_sound/file/1306/harp011.wav');
INSERT INTO "sound" VALUES(1308,'http://api.dev.locosonic.com/system/uploads/location_sound/file/1308/harp010.wav');
INSERT INTO "sound" VALUES(1309,'http://api.dev.locosonic.com/system/uploads/location_sound/file/1309/harp004.wav');
INSERT INTO "sound" VALUES(1310,'http://api.dev.locosonic.com/system/uploads/location_sound/file/1310/Market_07_090430.wav');
INSERT INTO "sound" VALUES(1311,'http://api.dev.locosonic.com/system/uploads/location_sound/file/1311/ljub_market3.wav');
INSERT INTO "sound" VALUES(1314,'http://api.dev.locosonic.com/system/uploads/location_sound/file/1314/1.wav');
INSERT INTO "sound" VALUES(1316,'http://api.dev.locosonic.com/system/uploads/location_sound/file/1316/2.wav');
INSERT INTO "sound" VALUES(1317,'http://api.dev.locosonic.com/system/uploads/location_sound/file/1317/3.wav');
INSERT INTO "sound" VALUES(1318,'http://api.dev.locosonic.com/system/uploads/location_sound/file/1318/140bpmglitch3.wav');
INSERT INTO "sound" VALUES(1321,'http://api.dev.locosonic.com/system/uploads/location_sound/file/1321/REFLEXVOCALS03.wav');
INSERT INTO "sound" VALUES(1322,'http://api.dev.locosonic.com/system/uploads/location_sound/file/1322/aragga1.wav');
INSERT INTO "sound" VALUES(1324,'http://api.dev.locosonic.com/system/uploads/location_sound/file/1324/140_dubstep_loop_5.wav');
INSERT INTO "sound" VALUES(1325,'http://api.dev.locosonic.com/system/uploads/location_sound/file/1325/140_dubstep_loop_3.wav');
INSERT INTO "sound" VALUES(1326,'http://api.dev.locosonic.com/system/uploads/location_sound/file/1326/HH140_Bass_Groove.wav');
INSERT INTO "sound" VALUES(1327,'http://api.dev.locosonic.com/system/uploads/location_sound/file/1327/crushedrums_140.wav');
INSERT INTO "sound" VALUES(1329,'http://api.dev.locosonic.com/system/uploads/location_sound/file/1329/HH140_String_Motif.wav');
INSERT INTO "sound" VALUES(1331,'http://api.dev.locosonic.com/system/uploads/location_sound/file/1331/140-bpm-dub-loop1.wav');
INSERT INTO "sound" VALUES(1333,'http://api.dev.locosonic.com/system/uploads/location_sound/file/1333/compelectro_140bpm');
INSERT INTO "sound" VALUES(1334,'http://api.dev.locosonic.com/system/uploads/location_sound/file/1334/dubstep_wobble_md_140bpm');
INSERT INTO "sound" VALUES(1335,'http://api.dev.locosonic.com/system/uploads/location_sound/file/1335/Glitchdrumloop_140BPM.wav');
INSERT INTO "sound" VALUES(1336,'http://api.dev.locosonic.com/system/uploads/location_sound/file/1336/basswobble1step.wav');
INSERT INTO "sound" VALUES(1338,'http://api.dev.locosonic.com/system/uploads/location_sound/file/1338/Remix_of_43156__Vann_Westfold__BeedapCool_Rub-Dub.wav');
INSERT INTO "sound" VALUES(1341,'http://api.dev.locosonic.com/system/uploads/location_sound/file/1341/Flow_of_Time__.wav');
INSERT INTO "sound" VALUES(1342,'http://api.dev.locosonic.com/system/uploads/location_sound/file/1342/raggae_dude.wav');
INSERT INTO "sound" VALUES(1344,'http://api.dev.locosonic.com/system/uploads/location_sound/file/1344/Real-Reggea_Dist_Chops.wav');
INSERT INTO "sound" VALUES(1346,'http://api.dev.locosonic.com/system/uploads/location_sound/file/1346/JYeah.wav');
INSERT INTO "sound" VALUES(1347,'http://api.dev.locosonic.com/system/uploads/location_sound/file/1347/_Four__wide__Unpitched_');
INSERT INTO "sound" VALUES(1348,'http://api.dev.locosonic.com/system/uploads/location_sound/file/1348/_Three__Unpitched_');
INSERT INTO "sound" VALUES(1349,'http://api.dev.locosonic.com/system/uploads/location_sound/file/1349/_Two__wide__Unpitched_');
INSERT INTO "sound" VALUES(1350,'http://api.dev.locosonic.com/system/uploads/location_sound/file/1350/_One__wide__Unpitched_');
INSERT INTO "sound" VALUES(1352,'http://api.dev.locosonic.com/system/uploads/location_sound/file/1352/nlebarbe_1.wav');
INSERT INTO "sound" VALUES(1353,'http://api.dev.locosonic.com/system/uploads/location_sound/file/1353/17talien_perc');
INSERT INTO "sound" VALUES(1355,'http://api.dev.locosonic.com/system/uploads/location_sound/file/1355/glitchsaw');
INSERT INTO "sound" VALUES(1357,'http://api.dev.locosonic.com/system/uploads/location_sound/file/1357/Laughing_edit.wav');
INSERT INTO "sound" VALUES(1358,'http://api.dev.locosonic.com/system/uploads/location_sound/file/1358/cdm4_034.wav');
INSERT INTO "sound" VALUES(1359,'http://api.dev.locosonic.com/system/uploads/location_sound/file/1359/Vinyl_Composition_Royalty_Free_Old_School_Loop_With_Saxophone_Aimed_At_Adding_That_Old_School_Flavour_To_Your_Hottest_Hip-Hop_Song_And_Also_No_Drums.');
INSERT INTO "sound" VALUES(1360,'http://api.dev.locosonic.com/system/uploads/location_sound/file/1360/Native-70.wav');
INSERT INTO "sound" VALUES(1362,'http://api.dev.locosonic.com/system/uploads/location_sound/file/1362/Timbales-70.wav');
INSERT INTO "sound" VALUES(1363,'http://api.dev.locosonic.com/system/uploads/location_sound/file/1363/JungleBirds70.wav');
INSERT INTO "sound" VALUES(1368,'http://api.dev.locosonic.com/system/uploads/location_sound/file/1368/untitled140.wav');
INSERT INTO "sound" VALUES(1369,'http://api.dev.locosonic.com/system/uploads/location_sound/file/1369/140_bpm_ATTACK_LOOP_1_ELEMENT_5_mastererd_16_bit.wav');
INSERT INTO "sound" VALUES(1370,'http://api.dev.locosonic.com/system/uploads/location_sound/file/1370/Drums_loop_140BMP_DakeatKit-03.wav');
INSERT INTO "sound" VALUES(1371,'http://api.dev.locosonic.com/system/uploads/location_sound/file/1371/kaleido1-140bpm');
INSERT INTO "sound" VALUES(1372,'http://api.dev.locosonic.com/system/uploads/location_sound/file/1372/monkey_scream.wav');
INSERT INTO "sound" VALUES(1374,'http://api.dev.locosonic.com/system/uploads/location_sound/file/1374/sheep_4__B_.wav');
INSERT INTO "sound" VALUES(1376,'http://api.dev.locosonic.com/system/uploads/location_sound/file/1376/female_short_laugh_02');
INSERT INTO "sound" VALUES(1377,'http://api.dev.locosonic.com/system/uploads/location_sound/file/1377/Female_laugh_04.wav');
INSERT INTO "sound" VALUES(1378,'http://api.dev.locosonic.com/system/uploads/location_sound/file/1378/CrazyLaugh.wav');
INSERT INTO "sound" VALUES(1379,'http://api.dev.locosonic.com/system/uploads/location_sound/file/1379/LAUGH.wav');
INSERT INTO "sound" VALUES(1380,'http://api.dev.locosonic.com/system/uploads/location_sound/file/1380/08._Crying.wav');
INSERT INTO "sound" VALUES(1381,'http://api.dev.locosonic.com/system/uploads/location_sound/file/1381/cat.wav');
CREATE TABLE sound_file_info (sound_id INTEGER,channels INTEGER,sample_rate REAL,frames INTEGER);
CREATE TABLE location_sound (id INTEGER PRIMARY KEY,location_id INTEGER,sound_id INTEGER,volume REAL,onset_quantization REAL,onset_quantization_phase REAL,offset_quantization REAL,offset_quantization_phase REAL,duration REAL,repetitions REAL);
INSERT INTO "location_sound" VALUES(1392,1467,1234,1.99526,-1.0,0.0,-2.0,0.0,-8.0,1.0);
INSERT INTO "location_sound" VALUES(1473,1525,1304,0.234288,0.0,0.0,-8.0,0.0,0.0,0.0);
INSERT INTO "location_sound" VALUES(1474,1525,1305,0.418553,0.0,0.0,-7.0,0.0,-4.0,0.0);
INSERT INTO "location_sound" VALUES(1475,1525,1306,0.679204,0.0,0.0,-6.0,0.0,0.0,0.0);
INSERT INTO "location_sound" VALUES(1478,1525,1309,0.679204,0.0,0.0,-5.0,0.0,-5.0,0.0);
INSERT INTO "location_sound" VALUES(1480,1526,1310,1.0,0.0,0.0,0.0,0.0,0.0,0.0);
INSERT INTO "location_sound" VALUES(1482,1527,1311,1.0,0.0,0.0,0.0,0.0,0.0,0.0);
INSERT INTO "location_sound" VALUES(1486,1497,1314,1.0,-4.0,0.0,-4.0,0.0,-4.0,0.0);
INSERT INTO "location_sound" VALUES(1488,1463,1316,1.0,-1.0,0.0,-1.0,0.0,-4.0,0.0);
INSERT INTO "location_sound" VALUES(1489,1529,1183,1.0,-1.0,0.0,-1.0,0.0,0.0,0.0);
INSERT INTO "location_sound" VALUES(1490,1529,1184,1.0,-1.0,0.0,-1.0,0.0,0.0,0.0);
INSERT INTO "location_sound" VALUES(1491,1528,1239,1.0,-1.0,0.0,-1.0,0.0,0.0,0.0);
INSERT INTO "location_sound" VALUES(1492,1498,1317,1.0,-1.0,0.0,-1.0,0.0,-1.0,0.0);
INSERT INTO "location_sound" VALUES(1493,1459,1189,1.0,-2.0,0.0,-2.0,0.0,-4.0,0.0);
INSERT INTO "location_sound" VALUES(1494,1530,1190,1.0,-2.0,0.0,-2.0,0.0,-4.0,0.0);
INSERT INTO "location_sound" VALUES(1495,1531,1318,1.0,-2.0,0.0,-2.0,0.0,-4.0,0.0);
INSERT INTO "location_sound" VALUES(1496,1532,1191,1.0,-2.0,0.0,-2.0,0.0,-4.0,0.0);
INSERT INTO "location_sound" VALUES(1501,1534,1321,1.0,-1.0,0.0,0.0,0.0,-4.0,0.0);
INSERT INTO "location_sound" VALUES(1503,1535,1322,1.0,-1.0,0.0,0.0,0.0,-2.0,0.0);
INSERT INTO "location_sound" VALUES(1504,1465,1238,1.99526,1.0,0.0,-1.0,0.0,-8.0,1.0);
INSERT INTO "location_sound" VALUES(1506,1536,1324,1.0,-1.0,0.0,-1.0,0.0,-4.0,0.0);
INSERT INTO "location_sound" VALUES(1508,1537,1325,0.507867,-1.0,0.0,-2.0,0.0,0.0,0.0);
INSERT INTO "location_sound" VALUES(1509,1537,1326,0.678032,-1.0,0.0,-1.0,0.0,0.0,0.0);
INSERT INTO "location_sound" VALUES(1510,1479,1327,1.0,-2.0,0.0,-1.0,0.0,0.0,8.0);
INSERT INTO "location_sound" VALUES(1514,1538,1331,1.0,-4.0,0.0,-4.0,0.0,-4.0,0.0);
INSERT INTO "location_sound" VALUES(1518,1536,1334,1.0,-1.0,0.0,0.0,0.0,0.0,0.0);
INSERT INTO "location_sound" VALUES(1519,1473,1321,1.0,1.0,0.0,-2.0,0.0,0.0,1.0);
INSERT INTO "location_sound" VALUES(1521,1476,1333,0.794328,-1.0,0.0,-1.0,0.0,-4.0,0.0);
INSERT INTO "location_sound" VALUES(1524,1541,1335,1.0,-1.0,0.0,-1.0,0.0,0.0,0.0);
INSERT INTO "location_sound" VALUES(1526,1540,1314,1.0,-4.0,0.0,-4.0,0.0,-4.0,0.0);
INSERT INTO "location_sound" VALUES(1527,1541,1336,0.884606,-1.0,0.0,-1.0,0.0,0.0,0.0);
INSERT INTO "location_sound" VALUES(1528,1539,1336,0.0,-1.0,0.0,-1.0,0.0,0.0,0.0);
INSERT INTO "location_sound" VALUES(1530,1461,1338,0.398107,1.0,0.0,0.0,0.0,0.0,1.0);
INSERT INTO "location_sound" VALUES(1532,1542,1309,1.0,-4.0,0.0,0.0,0.0,-3.0,13.0);
INSERT INTO "location_sound" VALUES(1534,1543,1308,1.0,-4.0,0.0,0.0,0.0,-4.0,10.0);
INSERT INTO "location_sound" VALUES(1535,1539,1341,0.926296,-1.0,0.0,-1.0,0.0,0.0,0.0);
INSERT INTO "location_sound" VALUES(1536,1542,1342,0.630957,1.0,0.0,-4.0,0.0,0.0,1.0);
INSERT INTO "location_sound" VALUES(1538,1541,1341,0.423399,-1.0,0.0,-1.0,0.0,0.0,0.0);
INSERT INTO "location_sound" VALUES(1539,1544,1236,1.99526,-1.0,0.0,-2.0,0.0,-8.0,1.0);
INSERT INTO "location_sound" VALUES(1540,1545,1341,0.464248,-1.0,0.0,-1.0,0.0,0.0,0.0);
INSERT INTO "location_sound" VALUES(1541,1476,1342,0.158489,-4.0,0.0,-4.0,0.0,-8.0,8.0);
INSERT INTO "location_sound" VALUES(1542,1546,1344,1.0,-1.0,0.0,-1.0,0.0,-4.0,0.0);
INSERT INTO "location_sound" VALUES(1543,1547,1329,1.0,-1.0,0.0,-1.0,0.0,0.0,0.0);
INSERT INTO "location_sound" VALUES(1546,1548,1346,0.170903,1.0,0.0,0.0,0.0,-1.0,0.0);
INSERT INTO "location_sound" VALUES(1547,1547,1321,1.0,-1.0,0.0,0.0,0.0,-8.0,0.0);
INSERT INTO "location_sound" VALUES(1549,1463,1336,0.794328,-1.0,0.0,-1.0,0.0,0.0,0.0);
INSERT INTO "location_sound" VALUES(1551,1465,1233,0.341389,0.0,0.0,0.0,0.0,0.0,0.0);
INSERT INTO "location_sound" VALUES(1555,1550,1347,1.0,0.0,0.0,0.0,0.0,0.0,1.0);
INSERT INTO "location_sound" VALUES(1556,1551,1348,1.0,0.0,0.0,0.0,0.0,0.0,1.0);
INSERT INTO "location_sound" VALUES(1557,1552,1349,1.0,0.0,0.0,0.0,0.0,0.0,1.0);
INSERT INTO "location_sound" VALUES(1558,1553,1350,1.0,0.0,0.0,0.0,0.0,0.0,1.0);
INSERT INTO "location_sound" VALUES(1561,1554,1352,1.0,1.0,0.0,0.0,0.0,-2.0,0.0);
INSERT INTO "location_sound" VALUES(1564,1555,1353,1.0,1.0,0.0,0.0,0.0,-3.0,0.0);
INSERT INTO "location_sound" VALUES(1566,1548,1355,0.630231,-1.0,0.0,0.0,0.0,-3.0,0.0);
INSERT INTO "location_sound" VALUES(1567,1556,1152,1.0,2.0,0.0,0.0,0.0,0.0,1.0);
INSERT INTO "location_sound" VALUES(1568,1557,1153,1.0,2.0,0.0,0.0,0.0,0.0,1.0);
INSERT INTO "location_sound" VALUES(1570,1537,1329,1.0,-1.0,0.0,-1.0,0.0,0.0,0.0);
INSERT INTO "location_sound" VALUES(1572,1559,1357,1.0,-1.0,0.0,0.0,0.0,0.0,1.0);
INSERT INTO "location_sound" VALUES(1573,1560,1358,1.0,2.0,0.0,0.0,0.0,0.0,1.0);
INSERT INTO "location_sound" VALUES(1574,1561,1153,1.0,-2.0,0.0,-1.0,0.0,-4.0,8.0);
INSERT INTO "location_sound" VALUES(1575,1562,1152,1.0,-2.0,0.0,-2.0,0.0,-8.0,8.0);
INSERT INTO "location_sound" VALUES(1576,1563,1359,1.0,-2.0,0.0,-2.0,0.0,0.0,0.0);
INSERT INTO "location_sound" VALUES(1578,1458,1360,1.0,-1.0,0.0,-1.0,0.0,-1.0,0.0);
INSERT INTO "location_sound" VALUES(1580,1566,1362,1.0,-1.0,0.0,-1.0,0.0,-1.0,0.0);
INSERT INTO "location_sound" VALUES(1581,1567,1363,1.0,-1.0,0.0,-1.0,0.0,-1.0,0.0);
INSERT INTO "location_sound" VALUES(1588,1568,1368,0.630957,-1.0,0.0,-1.0,0.0,-2.0,0.0);
INSERT INTO "location_sound" VALUES(1589,1567,1369,1.0,-1.0,0.0,-1.0,0.0,0.0,0.0);
INSERT INTO "location_sound" VALUES(1590,1568,1370,1.0,-1.0,0.0,-1.0,0.0,0.0,0.0);
INSERT INTO "location_sound" VALUES(1592,1570,1235,1.0,0.0,0.0,0.0,0.0,0.0,1.0);
INSERT INTO "location_sound" VALUES(1593,1565,1371,1.0,-1.0,0.0,-1.0,0.0,-2.0,0.0);
INSERT INTO "location_sound" VALUES(1594,1558,1372,1.0,-1.0,0.0,0.0,0.0,-4.0,0.0);
INSERT INTO "location_sound" VALUES(1597,1531,1374,0.794328,-1.0,0.0,-1.0,0.0,-2.0,0.0);
INSERT INTO "location_sound" VALUES(1598,1572,1314,1.0,-1.0,0.0,-1.0,0.0,-4.0,0.0);
INSERT INTO "location_sound" VALUES(1600,1458,1370,1.0,-1.0,0.0,-1.0,0.0,-2.0,0.0);
INSERT INTO "location_sound" VALUES(1601,1566,1357,1.0,1.0,0.0,1.0,0.0,0.0,4.0);
INSERT INTO "location_sound" VALUES(1602,1573,1376,1.0,1.0,0.0,0.0,0.0,0.0,1.0);
INSERT INTO "location_sound" VALUES(1603,1573,1377,0.468004,0.0,0.0,0.0,0.0,0.0,0.0);
INSERT INTO "location_sound" VALUES(1604,1573,1378,1.28751,0.0,0.0,0.0,0.0,0.0,0.0);
INSERT INTO "location_sound" VALUES(1605,1573,1379,1.0,0.0,0.0,0.0,0.0,-8.0,4.0);
INSERT INTO "location_sound" VALUES(1606,1574,1380,1.0,0.0,0.0,0.0,0.0,0.0,0.0);
INSERT INTO "location_sound" VALUES(1607,1574,1381,0.466659,-16.0,0.0,0.0,0.0,0.0,1.0);
PRAGMA writable_schema=OFF;
COMMIT;
