PRAGMA foreign_keys=OFF;
BEGIN TRANSACTION;
CREATE TABLE soundscape (id INTEGER PRIMARY KEY,name TEXT,tempo REAL,meter_nominator INTEGER,meter_denominator INTEGER);
INSERT INTO "soundscape" VALUES(145,'mas guinardo',1.16667,4,4);
CREATE TABLE location (id INTEGER PRIMARY KEY,soundscape_id INTEGER,latitude REAL,longitude REAL,radius REAL,volume REAL,distance_scale_parameter REAL);
INSERT INTO "location" VALUES(1512,145,4.1418442985902814259e+01,2.17468981512991499371e+00,20.0,0.463714,0.0104713);
INSERT INTO "location" VALUES(1513,145,4.14184139688293413445e+01,2.17514173187504233908e+00,18.0,0.316228,0.0120226);
INSERT INTO "location" VALUES(1514,145,4.1418442985902814259e+01,2.17488561638800081965e+00,56.0,0.428302,0.0123027);
INSERT INTO "location" VALUES(1515,145,4.14186409924939269444e+01,2.17602338196132594205e+00,14.0,0.340997,0.0144544);
INSERT INTO "location" VALUES(1516,145,4.14180664176096513529e+01,2.17615795477596885021e+00,15.0,0.501187,0.0165959);
INSERT INTO "location" VALUES(1517,145,4.14181636538283939321e+01,2.17469537124052081367e+00,12.0,0.232675,0.0104713);
INSERT INTO "location" VALUES(1518,145,4.14180564765681395993e+01,2.17494813044755597175e+00,15.0,0.292584,0.0104713);
INSERT INTO "location" VALUES(1519,145,4.14184182350231608902e+01,2.1752010475897,12.0,0.998849,0.1);
INSERT INTO "location" VALUES(1520,145,4.14184592043878083708e+01,2.17444618933461653043e+00,15.0,0.316228,0.0162181);
INSERT INTO "location" VALUES(1521,145,4.14185972931140042882e+01,2.17538317250276946879e+00,15.0,0.500611,0.1);
INSERT INTO "location" VALUES(1522,145,4.14184164671027090767e+01,2.17514234577381593283e+00,12.0,0.541066,0.1);
INSERT INTO "location" VALUES(1523,145,4.14184394500635875155e+01,2.17474675508457515604e+00,12.0,0.500611,0.1);
INSERT INTO "location" VALUES(1524,145,4.14183899482884214631e+01,2.17650950968800938056e+00,12.0,1.0,0.1);
PRAGMA writable_schema=ON;
INSERT INTO sqlite_master(type,name,tbl_name,rootpage,sql)VALUES('table','location_index','location_index',0,'CREATE VIRTUAL TABLE location_index USING rtree (id, min_latitude, max_latitude, min_longitude, max_longitude)');
CREATE TABLE "location_index_node"(nodeno INTEGER PRIMARY KEY, data BLOB);
INSERT INTO "location_index_node" VALUES(1,X'0000000D00000000000005E84225AC4D4225ACAD400B2A30400B320D00000000000005E94225AC4A4225ACA0400B31FC400B391000000000000005EA4225ABF84225AD02400B2652400B3C5500000000000005EB4225AC8F4225ACD3400B4137400B46B800000000000005EC4225ABF64225AC3D400B4338400B491F00000000000005ED4225AC164225AC51400B2BD9400B309200000000000005EE4225ABF24225AC3C400B2F67400B354D00000000000005EF4225AC584225AC93400B3422400B38DB00000000000005F04225AC5D4225ACA4400B272D400B2D1300000000000005F14225AC814225ACC9400B3687400B3C6D00000000000005F24225AC594225AC92400B332C400B37E400000000000005F34225AC5F4225AC98400B2CB1400B316900000000000005F44225AC524225AC8B400B4992400B4E4B0000000000000000000000000000000000000000000000000000000000000000000000000000000000000000000000000000000000000000000000000000000000000000000000000000000000000000000000000000000000000000000000000000000000000000000000000000000000000000000000000000000000000000000000000000000000000000000000000000000000000000000000000000000000000000000000000000000000000000000000000000000000000000000000000000000000000000000000000000000000000000000000000000000000000000000000000000000000000000000000000000000000000000000000000000000000000000000000000000000000000000000000000000000000000000000000000000000000000000000000000000000000000000000000000000000000000000000000000000000000000000000000000000000000000000000000000000000000000000000000000000000000000000000000000000000000000000000000000000000000000000000000000000000000000000000000000000000000000000000000000000000000000000000000000000000000000000000000000000000000000000000000000000000000000000000000000000000000000000000000000000000000000000000000000000000000000000000000000000000000000000000000000000000000000000000000000000000000000000000000000000000000000000000000000000000000000000000000000000000000000000000000000000000000000000000000000000000000000000000000000000000000000000000000000000000000000000000000000000000000000000000000000000000000000000');
CREATE TABLE "location_index_rowid"(rowid INTEGER PRIMARY KEY, nodeno INTEGER);
INSERT INTO "location_index_rowid" VALUES(1512,1);
INSERT INTO "location_index_rowid" VALUES(1513,1);
INSERT INTO "location_index_rowid" VALUES(1514,1);
INSERT INTO "location_index_rowid" VALUES(1515,1);
INSERT INTO "location_index_rowid" VALUES(1516,1);
INSERT INTO "location_index_rowid" VALUES(1517,1);
INSERT INTO "location_index_rowid" VALUES(1518,1);
INSERT INTO "location_index_rowid" VALUES(1519,1);
INSERT INTO "location_index_rowid" VALUES(1520,1);
INSERT INTO "location_index_rowid" VALUES(1521,1);
INSERT INTO "location_index_rowid" VALUES(1522,1);
INSERT INTO "location_index_rowid" VALUES(1523,1);
INSERT INTO "location_index_rowid" VALUES(1524,1);
CREATE TABLE "location_index_parent"(nodeno INTEGER PRIMARY KEY, parentnode INTEGER);
CREATE TABLE sound (id INTEGER PRIMARY KEY,data TEXT);
INSERT INTO "sound" VALUES(1284,'http://api.dev.locosonic.com/system/uploads/location_sound/file/1284/Amped_dubstep_loop_140BPM');
INSERT INTO "sound" VALUES(1285,'http://api.dev.locosonic.com/system/uploads/location_sound/file/1285/Amped_dubstep_loop_140BPM__2');
INSERT INTO "sound" VALUES(1286,'http://api.dev.locosonic.com/system/uploads/location_sound/file/1286/Dubstep_Drums__3.wav');
INSERT INTO "sound" VALUES(1287,'http://api.dev.locosonic.com/system/uploads/location_sound/file/1287/140bpmglitch4.wav');
INSERT INTO "sound" VALUES(1288,'http://api.dev.locosonic.com/system/uploads/location_sound/file/1288/140_bpm_warble_stuff__dubstep_');
INSERT INTO "sound" VALUES(1289,'http://api.dev.locosonic.com/system/uploads/location_sound/file/1289/140bpmglitch2.wav');
INSERT INTO "sound" VALUES(1290,'http://api.dev.locosonic.com/system/uploads/location_sound/file/1290/melody1.wav');
INSERT INTO "sound" VALUES(1291,'http://api.dev.locosonic.com/system/uploads/location_sound/file/1291/basswobble8step.wav');
INSERT INTO "sound" VALUES(1292,'http://api.dev.locosonic.com/system/uploads/location_sound/file/1292/loop1');
INSERT INTO "sound" VALUES(1293,'http://api.dev.locosonic.com/system/uploads/location_sound/file/1293/140bpmglitch-spliced-in_audacity.wav');
INSERT INTO "sound" VALUES(1294,'http://api.dev.locosonic.com/system/uploads/location_sound/file/1294/gl3.wav');
INSERT INTO "sound" VALUES(1295,'http://api.dev.locosonic.com/system/uploads/location_sound/file/1295/Impunity_cc2-13.04.06__2_.wav');
INSERT INTO "sound" VALUES(1296,'http://api.dev.locosonic.com/system/uploads/location_sound/file/1296/140_bpm_hat_loop');
INSERT INTO "sound" VALUES(1297,'http://api.dev.locosonic.com/system/uploads/location_sound/file/1297/ccgeneral02__2__suck_my_butt.wav');
INSERT INTO "sound" VALUES(1298,'http://api.dev.locosonic.com/system/uploads/location_sound/file/1298/the_word_of_god_says_cc2-13.04.06__2_.wav');
INSERT INTO "sound" VALUES(1299,'http://api.dev.locosonic.com/system/uploads/location_sound/file/1299/cc-general_fallacy.wav');
INSERT INTO "sound" VALUES(1300,'http://api.dev.locosonic.com/system/uploads/location_sound/file/1300/Breath_leaves_-_longer_reverb.wav');
INSERT INTO "sound" VALUES(1301,'http://api.dev.locosonic.com/system/uploads/location_sound/file/1301/Breath_leaves_-_longer_reverb_and_delay.wav');
INSERT INTO "sound" VALUES(1302,'http://api.dev.locosonic.com/system/uploads/location_sound/file/1302/Impunity_cc2-13.04.06__2_.wav');
CREATE TABLE sound_file_info (sound_id INTEGER,channels INTEGER,sample_rate REAL,frames INTEGER);
CREATE TABLE location_sound (id INTEGER PRIMARY KEY,location_id INTEGER,sound_id INTEGER,volume REAL,onset_quantization REAL,onset_quantization_phase REAL,offset_quantization REAL,offset_quantization_phase REAL,duration REAL,repetitions REAL);
INSERT INTO "location_sound" VALUES(1453,1512,1284,1.0,-1.0,0.0,-2.0,0.0,0.0,0.0);
INSERT INTO "location_sound" VALUES(1454,1512,1285,1.0,-1.0,0.0,0.0,0.0,0.0,0.0);
INSERT INTO "location_sound" VALUES(1455,1512,1286,0.749031,-1.0,0.0,0.0,0.0,-2.0,0.0);
INSERT INTO "location_sound" VALUES(1456,1513,1287,1.0,-1.0,0.0,-1.0,0.0,0.0,0.0);
INSERT INTO "location_sound" VALUES(1457,1513,1288,4.63714e-05,-1.0,0.0,-1.0,0.0,0.0,0.0);
INSERT INTO "location_sound" VALUES(1458,1513,1289,0.999425,-1.0,0.0,-1.0,0.0,0.0,0.0);
INSERT INTO "location_sound" VALUES(1459,1514,1290,0.000429784,-1.0,0.0,-1.0,0.0,-4.0,0.0);
INSERT INTO "location_sound" VALUES(1460,1514,1291,1.0,-1.0,0.0,-2.0,0.0,-2.0,0.0);
INSERT INTO "location_sound" VALUES(1461,1515,1292,1.0,-1.0,0.0,-1.0,0.0,0.0,0.0);
INSERT INTO "location_sound" VALUES(1462,1516,1293,1.0,-1.0,0.0,-1.0,0.0,-2.0,0.0);
INSERT INTO "location_sound" VALUES(1463,1517,1294,1.0,-1.0,0.0,-1.0,0.0,-2.0,0.0);
INSERT INTO "location_sound" VALUES(1464,1517,1295,1.0,-1.0,0.0,0.0,0.0,0.0,1.0);
INSERT INTO "location_sound" VALUES(1465,1518,1296,1.0,-1.0,0.0,-1.0,0.0,0.0,0.0);
INSERT INTO "location_sound" VALUES(1466,1519,1297,1.0,-1.0,0.0,0.0,0.0,0.0,1.0);
INSERT INTO "location_sound" VALUES(1467,1520,1298,1.0,-1.0,0.0,-1.0,0.0,-4.0,0.0);
INSERT INTO "location_sound" VALUES(1468,1521,1299,1.0,-1.0,0.0,0.0,0.0,0.0,1.0);
INSERT INTO "location_sound" VALUES(1469,1522,1300,1.0,-1.0,0.0,0.0,0.0,-2.0,2.0);
INSERT INTO "location_sound" VALUES(1470,1523,1301,1.0,-1.0,0.0,0.0,0.0,-2.0,2.0);
INSERT INTO "location_sound" VALUES(1471,1524,1302,1.0,-1.0,0.0,0.0,0.0,0.0,1.0);
PRAGMA writable_schema=OFF;
COMMIT;
