PRAGMA foreign_keys=OFF;
BEGIN TRANSACTION;
CREATE TABLE soundscape (id INTEGER PRIMARY KEY,name TEXT,tempo REAL,meter_nominator INTEGER,meter_denominator INTEGER);
INSERT INTO "soundscape" VALUES(147,'test',1.0,4,4);
CREATE TABLE location (id INTEGER PRIMARY KEY,soundscape_id INTEGER,latitude REAL,longitude REAL,radius REAL,volume REAL,distance_scale_parameter REAL);
INSERT INTO "location" VALUES(1688,147,5.57775535521539680408e+01,3.76067268848419189453e+01,198.0,0.397649,0.0104713);
INSERT INTO "location" VALUES(1689,147,5.57772790052638356428e+01,3.76068288087844848632e+01,484.0,1.0,0.0147911);
INSERT INTO "location" VALUES(1690,147,5.57773453794148323927e+01,3.76066946983337402343e+01,370.0,1.0,0.0104713);
INSERT INTO "location" VALUES(1691,147,5.57775867390094504116e+01,37.6066517829895,100.0,0.251189,0.0104713);
INSERT INTO "location" VALUES(1692,147,5.57737972208796151107e+01,3.7613067626953125e+01,294.0,0.735783,0.0104713);
INSERT INTO "location" VALUES(1693,147,5.57729523736167109859e+01,3.761993408203125e+01,288.0,1.0,0.0104713);
INSERT INTO "location" VALUES(1694,147,5.57714557420846190893e+01,3.76247406005859375e+01,323.0,1.0,0.0104713);
INSERT INTO "location" VALUES(1695,147,5.57708522453711452726e+01,3.76264142990112304687e+01,382.0,0.398107,0.0104713);
INSERT INTO "location" VALUES(1696,147,5.57733627302887668975e+01,3.761684417724609375e+01,323.0,0.464248,0.0104713);
PRAGMA writable_schema=ON;
INSERT INTO sqlite_master(type,name,tbl_name,rootpage,sql)VALUES('table','location_index','location_index',0,'CREATE VIRTUAL TABLE location_index USING rtree (id, min_latitude, max_latitude, min_longitude, max_longitude)');
CREATE TABLE "location_index_node"(nodeno INTEGER PRIMARY KEY, data BLOB);
INSERT INTO "location_index_node" VALUES(1,X'000000090000000000000698425F1A64425F1E0A42166A0B421670880000000000000699425F1778425F20664216657742167553000000000000069A425F1898425F1F694216673242167352000000000000069B425F1B52425F1D2D42166B9242166EDA000000000000069C425F15A9425F1B1542166EF742167899000000000000069D425F14D8425F1A284216761842167F88000000000000069E425F12FF425F18F242167A7242168506000000000000069F425F11D4425F18DF42167B31421687B400000000000006A0425F14F1425F1AE64216725C42167CF00000000000000000000000000000000000000000000000000000000000000000000000000000000000000000000000000000000000000000000000000000000000000000000000000000000000000000000000000000000000000000000000000000000000000000000000000000000000000000000000000000000000000000000000000000000000000000000000000000000000000000000000000000000000000000000000000000000000000000000000000000000000000000000000000000000000000000000000000000000000000000000000000000000000000000000000000000000000000000000000000000000000000000000000000000000000000000000000000000000000000000000000000000000000000000000000000000000000000000000000000000000000000000000000000000000000000000000000000000000000000000000000000000000000000000000000000000000000000000000000000000000000000000000000000000000000000000000000000000000000000000000000000000000000000000000000000000000000000000000000000000000000000000000000000000000000000000000000000000000000000000000000000000000000000000000000000000000000000000000000000000000000000000000000000000000000000000000000000000000000000000000000000000000000000000000000000000000000000000000000000000000000000000000000000000000000000000000000000000000000000000000000000000000000000000000000000000000000000000000000000000000000000000000000000000000000000000000000000000000000000000000000000000000000000000000000000000000000000000000000000000000000000000000000000000000000000000000000000000000000000000000000000000000000000000000000000000000000000000000000000000000000000000000000000000000000000000');
CREATE TABLE "location_index_rowid"(rowid INTEGER PRIMARY KEY, nodeno INTEGER);
INSERT INTO "location_index_rowid" VALUES(1688,1);
INSERT INTO "location_index_rowid" VALUES(1689,1);
INSERT INTO "location_index_rowid" VALUES(1690,1);
INSERT INTO "location_index_rowid" VALUES(1691,1);
INSERT INTO "location_index_rowid" VALUES(1692,1);
INSERT INTO "location_index_rowid" VALUES(1693,1);
INSERT INTO "location_index_rowid" VALUES(1694,1);
INSERT INTO "location_index_rowid" VALUES(1695,1);
INSERT INTO "location_index_rowid" VALUES(1696,1);
CREATE TABLE "location_index_parent"(nodeno INTEGER PRIMARY KEY, parentnode INTEGER);
CREATE TABLE sound (id INTEGER PRIMARY KEY,data TEXT);
INSERT INTO "sound" VALUES(1141,'http://api.dev.locosonic.com/system/uploads/location_sound/file/1141/Messages_Drums.wav');
INSERT INTO "sound" VALUES(1532,'http://api.dev.locosonic.com/system/uploads/location_sound/file/1532/I_Will_Kill_You_Scary_Whisper');
INSERT INTO "sound" VALUES(1534,'http://api.dev.locosonic.com/system/uploads/location_sound/file/1534/Drums');
INSERT INTO "sound" VALUES(1535,'http://api.dev.locosonic.com/system/uploads/location_sound/file/1535/distorted_bass2.wav');
INSERT INTO "sound" VALUES(1536,'http://api.dev.locosonic.com/system/uploads/location_sound/file/1536/evil_laugh-19.wav');
INSERT INTO "sound" VALUES(1537,'http://api.dev.locosonic.com/system/uploads/location_sound/file/1537/evil_laugh-16.wav');
INSERT INTO "sound" VALUES(1538,'http://api.dev.locosonic.com/system/uploads/location_sound/file/1538/evil_laugh-05.wav');
INSERT INTO "sound" VALUES(1539,'http://api.dev.locosonic.com/system/uploads/location_sound/file/1539/evil_laugh-07.wav');
INSERT INTO "sound" VALUES(1540,'http://api.dev.locosonic.com/system/uploads/location_sound/file/1540/Evil_Laugh.wav');
INSERT INTO "sound" VALUES(1541,'http://api.dev.locosonic.com/system/uploads/location_sound/file/1541/Evil_Laugh_1.wav');
INSERT INTO "sound" VALUES(1542,'http://api.dev.locosonic.com/system/uploads/location_sound/file/1542/Evil_Laugh_6');
INSERT INTO "sound" VALUES(1543,'http://api.dev.locosonic.com/system/uploads/location_sound/file/1543/evil_laughter_joker.wav');
INSERT INTO "sound" VALUES(1544,'http://api.dev.locosonic.com/system/uploads/location_sound/file/1544/Elementary_Synth_15.wav');
INSERT INTO "sound" VALUES(1545,'http://api.dev.locosonic.com/system/uploads/location_sound/file/1545/ubPunch12_175bpm.wav');
INSERT INTO "sound" VALUES(1546,'http://api.dev.locosonic.com/system/uploads/location_sound/file/1546/Tercan_Kazas_ndan_Gelen_Bir_Gelin');
INSERT INTO "sound" VALUES(1547,'http://api.dev.locosonic.com/system/uploads/location_sound/file/1547/dnb_reese.wav');
INSERT INTO "sound" VALUES(1548,'http://api.dev.locosonic.com/system/uploads/location_sound/file/1548/steroids.wav');
CREATE TABLE sound_file_info (sound_id INTEGER,channels INTEGER,sample_rate REAL,frames INTEGER);
CREATE TABLE location_sound (id INTEGER PRIMARY KEY,location_id INTEGER,sound_id INTEGER,volume REAL,onset_quantization REAL,onset_quantization_phase REAL,offset_quantization REAL,offset_quantization_phase REAL,duration REAL,repetitions REAL);
INSERT INTO "location_sound" VALUES(1844,1688,1532,1.0,0.0,0.0,0.0,0.0,0.0,0.0);
INSERT INTO "location_sound" VALUES(1846,1689,1534,1.0,0.0,0.0,0.0,0.0,0.0,0.0);
INSERT INTO "location_sound" VALUES(1847,1690,1535,1.0,0.0,0.0,0.0,0.0,0.0,0.0);
INSERT INTO "location_sound" VALUES(1848,1691,1536,0.764716,0.0,0.0,0.0,0.0,0.0,0.0);
INSERT INTO "location_sound" VALUES(1849,1691,1537,0.313329,-1.0,0.0,0.0,0.0,0.0,0.0);
INSERT INTO "location_sound" VALUES(1850,1691,1538,0.639735,-2.0,0.0,0.0,0.0,0.0,0.0);
INSERT INTO "location_sound" VALUES(1851,1691,1539,0.764716,-3.0,0.0,0.0,0.0,0.0,0.0);
INSERT INTO "location_sound" VALUES(1852,1691,1540,0.639735,2.0,0.0,0.0,0.0,0.0,0.0);
INSERT INTO "location_sound" VALUES(1853,1691,1541,0.447713,-4.0,0.0,0.0,0.0,0.0,0.0);
INSERT INTO "location_sound" VALUES(1854,1691,1542,0.489497,-5.0,0.0,0.0,0.0,0.0,0.0);
INSERT INTO "location_sound" VALUES(1855,1691,1543,0.489497,-6.0,0.0,0.0,0.0,0.0,0.0);
INSERT INTO "location_sound" VALUES(1856,1690,1544,1.0,0.0,0.0,0.0,0.0,0.0,0.0);
INSERT INTO "location_sound" VALUES(1857,1695,1141,1.0,0.0,0.0,0.0,0.0,0.0,0.0);
INSERT INTO "location_sound" VALUES(1858,1696,1545,1.0,0.0,0.0,0.0,0.0,0.0,0.0);
INSERT INTO "location_sound" VALUES(1859,1694,1546,1.0,0.0,0.0,0.0,0.0,0.0,0.0);
INSERT INTO "location_sound" VALUES(1860,1693,1547,1.0,0.0,0.0,0.0,0.0,0.0,0.0);
INSERT INTO "location_sound" VALUES(1861,1692,1548,1.0,0.0,0.0,0.0,0.0,0.0,0.0);
PRAGMA writable_schema=OFF;
COMMIT;
