PRAGMA foreign_keys=OFF;
BEGIN TRANSACTION;
CREATE TABLE soundscape (id INTEGER PRIMARY KEY,name TEXT,tempo REAL,meter_nominator INTEGER,meter_denominator INTEGER);
INSERT INTO "soundscape" VALUES(149,'null2',2.36667,4,4);
CREATE TABLE location (id INTEGER PRIMARY KEY,soundscape_id INTEGER,latitude REAL,longitude REAL,radius REAL,volume REAL,distance_scale_parameter REAL);
INSERT INTO "location" VALUES(1698,149,52.5328352052057,1.34000576930986881052e+01,23.0,0.836566,0.0165959);
INSERT INTO "location" VALUES(1699,149,5.2531422286289675581e+01,1.33999663714791950042e+01,73.0,0.333043,0.0331131);
INSERT INTO "location" VALUES(1700,149,5.2531863439853566434e+01,1.33999541092252911762e+01,55.0,0.414715,0.0234423);
INSERT INTO "location" VALUES(1701,149,5.25317465970188877131e+01,1.3400284127273835111e+01,12.0,1.0,0.1);
INSERT INTO "location" VALUES(1702,149,52.5321900448932,1.34005336843302984566e+01,12.0,1.0,0.1);
INSERT INTO "location" VALUES(1703,149,52.5320207264974,1.33997605754107098621e+01,12.0,1.0,0.1);
INSERT INTO "location" VALUES(1704,149,5.25325969901362626029e+01,1.34001596170412540232e+01,41.0,0.584454,0.1);
INSERT INTO "location" VALUES(1705,149,5.25320081511083714076e+01,1.34000855684280395507e+01,50.0,1.0,0.1);
INSERT INTO "location" VALUES(1706,149,5.25325726936632833021e+01,1.34007668495178222656e+01,18.0,1.0,0.1);
INSERT INTO "location" VALUES(1707,149,5.25320375205535228246e+01,1.34012925624847412109e+01,65.0,1.0,0.1);
PRAGMA writable_schema=ON;
INSERT INTO sqlite_master(type,name,tbl_name,rootpage,sql)VALUES('table','location_index','location_index',0,'CREATE VIRTUAL TABLE location_index USING rtree (id, min_latitude, max_latitude, min_longitude, max_longitude)');
CREATE TABLE "location_index_node"(nodeno INTEGER PRIMARY KEY, data BLOB);
INSERT INTO "location_index_node" VALUES(1,X'0000000A00000000000006A242522169425221D64156653E4156680900000000000006A342521F81425220DB415661D641566AAF00000000000006A44252201F42522124415662E04156698B00000000000006A542522064425220A0415666D64156684C00000000000006A6425220DA42522113415667DA4156695200000000000006A7425220AC425220E8415664B14156662700000000000006A842522100425221C2415664924156698B00000000000006A94252204F4252213D415663B9415669C900000000000006AA42522130425221874156687341566AA200000000000006AB4252203542522168415667C241566FA30000000000000000000000000000000000000000000000000000000000000000000000000000000000000000000000000000000000000000000000000000000000000000000000000000000000000000000000000000000000000000000000000000000000000000000000000000000000000000000000000000000000000000000000000000000000000000000000000000000000000000000000000000000000000000000000000000000000000000000000000000000000000000000000000000000000000000000000000000000000000000000000000000000000000000000000000000000000000000000000000000000000000000000000000000000000000000000000000000000000000000000000000000000000000000000000000000000000000000000000000000000000000000000000000000000000000000000000000000000000000000000000000000000000000000000000000000000000000000000000000000000000000000000000000000000000000000000000000000000000000000000000000000000000000000000000000000000000000000000000000000000000000000000000000000000000000000000000000000000000000000000000000000000000000000000000000000000000000000000000000000000000000000000000000000000000000000000000000000000000000000000000000000000000000000000000000000000000000000000000000000000000000000000000000000000000000000000000000000000000000000000000000000000000000000000000000000000000000000000000000000000000000000000000000000000000000000000000000000000000000000000000000000000000000000000000000000000000000000000000000000000000000000000000000000000000000000000000000000000000000000000000000000000000000000000000000000000000000000');
CREATE TABLE "location_index_rowid"(rowid INTEGER PRIMARY KEY, nodeno INTEGER);
INSERT INTO "location_index_rowid" VALUES(1698,1);
INSERT INTO "location_index_rowid" VALUES(1699,1);
INSERT INTO "location_index_rowid" VALUES(1700,1);
INSERT INTO "location_index_rowid" VALUES(1701,1);
INSERT INTO "location_index_rowid" VALUES(1702,1);
INSERT INTO "location_index_rowid" VALUES(1703,1);
INSERT INTO "location_index_rowid" VALUES(1704,1);
INSERT INTO "location_index_rowid" VALUES(1705,1);
INSERT INTO "location_index_rowid" VALUES(1706,1);
INSERT INTO "location_index_rowid" VALUES(1707,1);
CREATE TABLE "location_index_parent"(nodeno INTEGER PRIMARY KEY, parentnode INTEGER);
CREATE TABLE sound (id INTEGER PRIMARY KEY,data TEXT);
INSERT INTO "sound" VALUES(1550,'http://api.dev.locosonic.com/system/uploads/location_sound/file/1550/filtered2.wav');
INSERT INTO "sound" VALUES(1551,'http://api.dev.locosonic.com/system/uploads/location_sound/file/1551/filtered.wav');
INSERT INTO "sound" VALUES(1552,'http://api.dev.locosonic.com/system/uploads/location_sound/file/1552/bass.wav');
INSERT INTO "sound" VALUES(1553,'http://api.dev.locosonic.com/system/uploads/location_sound/file/1553/newdrums.wav');
INSERT INTO "sound" VALUES(1554,'http://api.dev.locosonic.com/system/uploads/location_sound/file/1554/ewspr_03.wav');
INSERT INTO "sound" VALUES(1555,'http://api.dev.locosonic.com/system/uploads/location_sound/file/1555/ewspr_02.wav');
INSERT INTO "sound" VALUES(1556,'http://api.dev.locosonic.com/system/uploads/location_sound/file/1556/ewspr_12.wav');
INSERT INTO "sound" VALUES(1557,'http://api.dev.locosonic.com/system/uploads/location_sound/file/1557/gitarre.wav');
INSERT INTO "sound" VALUES(1558,'http://api.dev.locosonic.com/system/uploads/location_sound/file/1558/Sex_groaning_1');
INSERT INTO "sound" VALUES(1559,'http://api.dev.locosonic.com/system/uploads/location_sound/file/1559/blowjob.WAV');
INSERT INTO "sound" VALUES(1560,'http://api.dev.locosonic.com/system/uploads/location_sound/file/1560/Soccer-Match_2');
INSERT INTO "sound" VALUES(1561,'http://api.dev.locosonic.com/system/uploads/location_sound/file/1561/Beach_bar.aif');
CREATE TABLE sound_file_info (sound_id INTEGER,channels INTEGER,sample_rate REAL,frames INTEGER);
CREATE TABLE location_sound (id INTEGER PRIMARY KEY,location_id INTEGER,sound_id INTEGER,volume REAL,onset_quantization REAL,onset_quantization_phase REAL,offset_quantization REAL,offset_quantization_phase REAL,duration REAL,repetitions REAL);
INSERT INTO "location_sound" VALUES(1862,1698,1550,0.61624,-1.0,0.0,-2.0,0.0,0.0,0.0);
INSERT INTO "location_sound" VALUES(1863,1698,1551,0.679204,-1.0,0.0,-4.0,0.0,0.0,0.0);
INSERT INTO "location_sound" VALUES(1864,1699,1552,0.857531,-1.0,0.0,-1.0,0.0,0.0,0.0);
INSERT INTO "location_sound" VALUES(1865,1700,1553,0.739605,-1.0,0.0,-1.0,0.0,0.0,0.0);
INSERT INTO "location_sound" VALUES(1866,1701,1554,0.251189,-1.0,0.0,0.0,0.0,0.0,1.0);
INSERT INTO "location_sound" VALUES(1867,1702,1555,0.125748,-1.0,0.0,0.0,0.0,0.0,1.0);
INSERT INTO "location_sound" VALUES(1868,1703,1556,0.232675,-1.0,0.0,0.0,0.0,0.0,1.0);
INSERT INTO "location_sound" VALUES(1869,1704,1557,0.398107,-1.0,0.0,0.0,0.0,0.0,0.0);
INSERT INTO "location_sound" VALUES(1870,1705,1558,1.0,0.0,0.0,0.0,0.0,0.0,0.0);
INSERT INTO "location_sound" VALUES(1871,1706,1559,1.0,0.0,0.0,0.0,0.0,0.0,0.0);
INSERT INTO "location_sound" VALUES(1872,1704,1560,1.0,0.0,0.0,0.0,0.0,0.0,0.0);
INSERT INTO "location_sound" VALUES(1873,1707,1561,1.0,0.0,0.0,1.0,0.0,0.0,0.0);
PRAGMA writable_schema=OFF;
COMMIT;
