PRAGMA foreign_keys=OFF;
BEGIN TRANSACTION;
CREATE TABLE soundscape (id INTEGER PRIMARY KEY,name TEXT,tempo REAL,meter_nominator INTEGER,meter_denominator INTEGER);
INSERT INTO "soundscape" VALUES(173,'SoundGuide-Vienna-DE',1.16667,4,4);
CREATE TABLE location (id INTEGER PRIMARY KEY,soundscape_id INTEGER,latitude REAL,longitude REAL,radius REAL,volume REAL,distance_scale_parameter REAL);
INSERT INTO "location" VALUES(1957,173,4.82042850165206431239e+01,1.63605556179569475716e+01,20.0,0.463714,0.0104713);
INSERT INTO "location" VALUES(1958,173,4.82045371873650552174e+01,16.361071886584,18.0,0.316228,0.0120226);
INSERT INTO "location" VALUES(1959,173,4.82043809041997306508e+01,1.63608184744404070443e+01,57.0,0.428302,0.0123027);
INSERT INTO "location" VALUES(1960,173,4.82044734193002923907e+01,1.63608291752175318833e+01,18.0,0.340997,0.0144544);
INSERT INTO "location" VALUES(1961,173,4.82041603795682505051e+01,1.63612542313404674132e+01,15.0,0.501187,0.0165959);
INSERT INTO "location" VALUES(1962,173,4.82041397781285638765e+01,1.63603133248913081843e+01,12.0,0.232675,0.0104713);
INSERT INTO "location" VALUES(1963,173,4.82041994946899308169e+01,1.63609621535491669419e+01,30.0,0.292584,0.017378);
INSERT INTO "location" VALUES(1964,173,4.82045505565792851152e+01,1.63610690968587277893e+01,12.0,0.998849,0.1);
INSERT INTO "location" VALUES(1965,173,4.82043062204137200393e+01,1.63605600204296024462e+01,15.0,0.316228,0.0162181);
INSERT INTO "location" VALUES(1966,173,4.82045693790553784205e+01,1.6360675593302403286e+01,15.0,0.500611,0.1);
INSERT INTO "location" VALUES(1967,173,4.82045260046266790246e+01,1.63610421672522079461e+01,12.0,0.541066,0.1);
INSERT INTO "location" VALUES(1968,173,4.82043016427199404443e+01,1.63605902716412856534e+01,12.0,0.500611,0.1);
INSERT INTO "location" VALUES(1969,173,4.82043144566503656278e+01,1.63609641115513113618e+01,12.0,1.0,0.1);
PRAGMA writable_schema=ON;
INSERT INTO sqlite_master(type,name,tbl_name,rootpage,sql)VALUES('table','location_index','location_index',0,'CREATE VIRTUAL TABLE location_index USING rtree (id, min_latitude, max_latitude, min_longitude, max_longitude)');
CREATE TABLE "location_index_node"(nodeno INTEGER PRIMARY KEY, data BLOB);
INSERT INTO "location_index_node" VALUES(1,X'0000000D00000000000007A54240D0FF4240D1614182E1DD4182E2F900000000000007A64240D1464240D19D4182E2FA4182E3F900000000000007A74240D0C14240D1D04182E1614182E48900000000000007A84240D1374240D18C4182E27B4182E37A00000000000007A94240D0EC4240D1334182E36F4182E44400000000000007AA4240D0EC4240D1284182E1974182E24100000000000007AB4240D0D14240D1624182E26B4182E41500000000000007AC4240D1594240D1924182E3234182E3CE00000000000007AD4240D1124240D15B4182E2034182E2D800000000000007AE4240D1574240D19E4182E23F4182E31500000000000007AF4240D1514240D18C4182E3154182E3BF00000000000007B04240D1184240D1514182E2284182E2D300000000000007B14240D11A4240D1564182E2EC4182E3970000000000000000000000000000000000000000000000000000000000000000000000000000000000000000000000000000000000000000000000000000000000000000000000000000000000000000000000000000000000000000000000000000000000000000000000000000000000000000000000000000000000000000000000000000000000000000000000000000000000000000000000000000000000000000000000000000000000000000000000000000000000000000000000000000000000000000000000000000000000000000000000000000000000000000000000000000000000000000000000000000000000000000000000000000000000000000000000000000000000000000000000000000000000000000000000000000000000000000000000000000000000000000000000000000000000000000000000000000000000000000000000000000000000000000000000000000000000000000000000000000000000000000000000000000000000000000000000000000000000000000000000000000000000000000000000000000000000000000000000000000000000000000000000000000000000000000000000000000000000000000000000000000000000000000000000000000000000000000000000000000000000000000000000000000000000000000000000000000000000000000000000000000000000000000000000000000000000000000000000000000000000000000000000000000000000000000000000000000000000000000000000000000000000000000000000000000000000000000000000000000000000000000000000000000000000000000000000000000000000000000000000000000000000000000');
CREATE TABLE "location_index_rowid"(rowid INTEGER PRIMARY KEY, nodeno INTEGER);
INSERT INTO "location_index_rowid" VALUES(1957,1);
INSERT INTO "location_index_rowid" VALUES(1958,1);
INSERT INTO "location_index_rowid" VALUES(1959,1);
INSERT INTO "location_index_rowid" VALUES(1960,1);
INSERT INTO "location_index_rowid" VALUES(1961,1);
INSERT INTO "location_index_rowid" VALUES(1962,1);
INSERT INTO "location_index_rowid" VALUES(1963,1);
INSERT INTO "location_index_rowid" VALUES(1964,1);
INSERT INTO "location_index_rowid" VALUES(1965,1);
INSERT INTO "location_index_rowid" VALUES(1966,1);
INSERT INTO "location_index_rowid" VALUES(1967,1);
INSERT INTO "location_index_rowid" VALUES(1968,1);
INSERT INTO "location_index_rowid" VALUES(1969,1);
CREATE TABLE "location_index_parent"(nodeno INTEGER PRIMARY KEY, parentnode INTEGER);
CREATE TABLE sound (id INTEGER PRIMARY KEY,data TEXT);
INSERT INTO "sound" VALUES(1901,'http://api.dev.locosonic.com/system/uploads/location_sound/file/1901/Amped_dubstep_loop_140BPM');
INSERT INTO "sound" VALUES(1902,'http://api.dev.locosonic.com/system/uploads/location_sound/file/1902/Amped_dubstep_loop_140BPM__2');
INSERT INTO "sound" VALUES(1903,'http://api.dev.locosonic.com/system/uploads/location_sound/file/1903/Dubstep_Drums__3.wav');
INSERT INTO "sound" VALUES(1904,'http://api.dev.locosonic.com/system/uploads/location_sound/file/1904/140bpmglitch4.wav');
INSERT INTO "sound" VALUES(1906,'http://api.dev.locosonic.com/system/uploads/location_sound/file/1906/140bpmglitch2.wav');
INSERT INTO "sound" VALUES(1907,'http://api.dev.locosonic.com/system/uploads/location_sound/file/1907/melody1.wav');
INSERT INTO "sound" VALUES(1908,'http://api.dev.locosonic.com/system/uploads/location_sound/file/1908/basswobble8step.wav');
INSERT INTO "sound" VALUES(1909,'http://api.dev.locosonic.com/system/uploads/location_sound/file/1909/loop1');
INSERT INTO "sound" VALUES(1910,'http://api.dev.locosonic.com/system/uploads/location_sound/file/1910/140bpmglitch-spliced-in_audacity.wav');
INSERT INTO "sound" VALUES(1911,'http://api.dev.locosonic.com/system/uploads/location_sound/file/1911/gl3.wav');
INSERT INTO "sound" VALUES(1912,'http://api.dev.locosonic.com/system/uploads/location_sound/file/1912/Impunity_cc2-13.04.06__2_.wav');
INSERT INTO "sound" VALUES(1913,'http://api.dev.locosonic.com/system/uploads/location_sound/file/1913/140_bpm_hat_loop');
INSERT INTO "sound" VALUES(1914,'http://api.dev.locosonic.com/system/uploads/location_sound/file/1914/ccgeneral02__2__suck_my_butt.wav');
INSERT INTO "sound" VALUES(1915,'http://api.dev.locosonic.com/system/uploads/location_sound/file/1915/the_word_of_god_says_cc2-13.04.06__2_.wav');
INSERT INTO "sound" VALUES(1916,'http://api.dev.locosonic.com/system/uploads/location_sound/file/1916/cc-general_fallacy.wav');
INSERT INTO "sound" VALUES(1917,'http://api.dev.locosonic.com/system/uploads/location_sound/file/1917/Breath_leaves_-_longer_reverb.wav');
INSERT INTO "sound" VALUES(1918,'http://api.dev.locosonic.com/system/uploads/location_sound/file/1918/Breath_leaves_-_longer_reverb_and_delay.wav');
INSERT INTO "sound" VALUES(1919,'http://api.dev.locosonic.com/system/uploads/location_sound/file/1919/Impunity_cc2-13.04.06__2_.wav');
CREATE TABLE sound_file_info (sound_id INTEGER,channels INTEGER,sample_rate REAL,frames INTEGER);
CREATE TABLE location_sound (id INTEGER PRIMARY KEY,location_id INTEGER,sound_id INTEGER,volume REAL,onset_quantization REAL,onset_quantization_phase REAL,offset_quantization REAL,offset_quantization_phase REAL,duration REAL,repetitions REAL);
INSERT INTO "location_sound" VALUES(2233,1957,1901,1.0,-1.0,0.0,-2.0,0.0,-2.0,0.0);
INSERT INTO "location_sound" VALUES(2234,1957,1902,1.0,-1.0,0.0,0.0,0.0,-2.0,0.0);
INSERT INTO "location_sound" VALUES(2235,1957,1903,0.749031,-1.0,0.0,0.0,0.0,-2.0,0.0);
INSERT INTO "location_sound" VALUES(2236,1958,1904,1.0,-1.0,0.0,-1.0,0.0,-1.0,0.0);
INSERT INTO "location_sound" VALUES(2238,1958,1906,0.999425,-1.0,0.0,-1.0,0.0,-1.0,0.0);
INSERT INTO "location_sound" VALUES(2239,1959,1907,0.0184608,-1.0,0.0,-1.0,0.0,-4.0,0.0);
INSERT INTO "location_sound" VALUES(2240,1959,1908,1.0,-1.0,0.0,-2.0,0.0,-2.0,0.0);
INSERT INTO "location_sound" VALUES(2241,1960,1909,0.340997,-1.0,0.0,-1.0,0.0,-1.0,0.0);
INSERT INTO "location_sound" VALUES(2242,1961,1910,1.0,-1.0,0.0,-1.0,0.0,-2.0,0.0);
INSERT INTO "location_sound" VALUES(2243,1962,1911,1.0,-1.0,0.0,-1.0,0.0,-2.0,0.0);
INSERT INTO "location_sound" VALUES(2244,1962,1912,1.0,-1.0,0.0,0.0,0.0,0.0,1.0);
INSERT INTO "location_sound" VALUES(2245,1963,1913,1.0,-1.0,0.0,-1.0,0.0,-1.0,0.0);
INSERT INTO "location_sound" VALUES(2246,1964,1914,1.0,-1.0,0.0,0.0,0.0,0.0,1.0);
INSERT INTO "location_sound" VALUES(2247,1965,1915,1.0,-1.0,0.0,-1.0,0.0,-4.0,0.0);
INSERT INTO "location_sound" VALUES(2248,1966,1916,1.0,-1.0,0.0,0.0,0.0,0.0,1.0);
INSERT INTO "location_sound" VALUES(2249,1967,1917,1.0,-1.0,0.0,0.0,0.0,-2.0,2.0);
INSERT INTO "location_sound" VALUES(2250,1968,1918,1.0,-1.0,0.0,0.0,0.0,-2.0,2.0);
INSERT INTO "location_sound" VALUES(2251,1969,1919,1.0,-1.0,0.0,0.0,0.0,0.0,1.0);
PRAGMA writable_schema=OFF;
COMMIT;
