PRAGMA foreign_keys=OFF;
BEGIN TRANSACTION;
CREATE TABLE soundscape (id INTEGER PRIMARY KEY,name TEXT,tempo REAL,meter_nominator INTEGER,meter_denominator INTEGER);
INSERT INTO "soundscape" VALUES(174,'karlsplatz',1.0,4,4);
CREATE TABLE location (id INTEGER PRIMARY KEY,soundscape_id INTEGER,latitude REAL,longitude REAL,radius REAL,volume REAL,distance_scale_parameter REAL);
INSERT INTO "location" VALUES(1970,174,4.81999156371501626941e+01,1.63716083765029907226e+01,25.0,1.0,0.1);
INSERT INTO "location" VALUES(1971,174,4.81995161632386057712e+01,1.63713562488555908203e+01,25.0,1.0,0.1);
INSERT INTO "location" VALUES(1972,174,48.1996779758313,1.63707607984542846679e+01,25.0,1.0,0.1);
INSERT INTO "location" VALUES(1973,174,4.81995363898406168354e+01,1.63707715272903442382e+01,107.0,1.0,0.0104713);
INSERT INTO "location" VALUES(1974,174,4.81991470263486689864e+01,1.63712275028228759765e+01,25.0,1.0,0.1);
INSERT INTO "location" VALUES(1975,174,4.81996172961689168818e+01,1.63701707124710083007e+01,25.0,1.0,0.1);
INSERT INTO "location" VALUES(1976,174,4.81999004673117426023e+01,1.63703584671020507812e+01,25.0,1.0,0.1);
PRAGMA writable_schema=ON;
INSERT INTO sqlite_master(type,name,tbl_name,rootpage,sql)VALUES('table','location_index','location_index',0,'CREATE VIRTUAL TABLE location_index USING rtree (id, min_latitude, max_latitude, min_longitude, max_longitude)');
CREATE TABLE "location_index_node"(nodeno INTEGER PRIMARY KEY, data BLOB);
INSERT INTO "location_index_node" VALUES(1,X'0000000700000000000007B24240CC7A4240CCF24182F85C4182F9BF00000000000007B34240CC134240CC894182F7D84182F93B00000000000007B44240CC3D4240CCB54182F6A04182F80300000000000007B54240CB574240CD504182F4624182FA4C00000000000007B64240CBB24240CC2A4182F7954182F8F700000000000007B74240CC2C4240CCA54182F56B4182F6CD00000000000007B84240CC764240CCEE4182F5CD4182F7300000000000000000000000000000000000000000000000000000000000000000000000000000000000000000000000000000000000000000000000000000000000000000000000000000000000000000000000000000000000000000000000000000000000000000000000000000000000000000000000000000000000000000000000000000000000000000000000000000000000000000000000000000000000000000000000000000000000000000000000000000000000000000000000000000000000000000000000000000000000000000000000000000000000000000000000000000000000000000000000000000000000000000000000000000000000000000000000000000000000000000000000000000000000000000000000000000000000000000000000000000000000000000000000000000000000000000000000000000000000000000000000000000000000000000000000000000000000000000000000000000000000000000000000000000000000000000000000000000000000000000000000000000000000000000000000000000000000000000000000000000000000000000000000000000000000000000000000000000000000000000000000000000000000000000000000000000000000000000000000000000000000000000000000000000000000000000000000000000000000000000000000000000000000000000000000000000000000000000000000000000000000000000000000000000000000000000000000000000000000000000000000000000000000000000000000000000000000000000000000000000000000000000000000000000000000000000000000000000000000000000000000000000000000000000000000000000000000000000000000000000000000000000000000000000000000000000000000000000000000000000000000000000000000000000000000000000000000000000000000000000000000000000000000000000000000000000000000000000000000000000000000000000000000000000000000000000000000000000000000000000000000000000');
CREATE TABLE "location_index_rowid"(rowid INTEGER PRIMARY KEY, nodeno INTEGER);
INSERT INTO "location_index_rowid" VALUES(1970,1);
INSERT INTO "location_index_rowid" VALUES(1971,1);
INSERT INTO "location_index_rowid" VALUES(1972,1);
INSERT INTO "location_index_rowid" VALUES(1973,1);
INSERT INTO "location_index_rowid" VALUES(1974,1);
INSERT INTO "location_index_rowid" VALUES(1975,1);
INSERT INTO "location_index_rowid" VALUES(1976,1);
CREATE TABLE "location_index_parent"(nodeno INTEGER PRIMARY KEY, parentnode INTEGER);
CREATE TABLE sound (id INTEGER PRIMARY KEY,data TEXT);
INSERT INTO "sound" VALUES(1920,'http://api.dev.locosonic.com/system/uploads/location_sound/file/1920/proceed_direct.wav');
INSERT INTO "sound" VALUES(1921,'http://api.dev.locosonic.com/system/uploads/location_sound/file/1921/user_left.wav');
INSERT INTO "sound" VALUES(1922,'http://api.dev.locosonic.com/system/uploads/location_sound/file/1922/Race_Robot_-_left');
INSERT INTO "sound" VALUES(1923,'http://api.dev.locosonic.com/system/uploads/location_sound/file/1923/leftright1648.aif');
INSERT INTO "sound" VALUES(1924,'http://api.dev.locosonic.com/system/uploads/location_sound/file/1924/scary.mp3');
INSERT INTO "sound" VALUES(1925,'http://api.dev.locosonic.com/system/uploads/location_sound/file/1925/wrong-right.wav');
INSERT INTO "sound" VALUES(1926,'http://api.dev.locosonic.com/system/uploads/location_sound/file/1926/Right.wav');
INSERT INTO "sound" VALUES(1927,'http://api.dev.locosonic.com/system/uploads/location_sound/file/1927/synthetic_pings__light-bulb__indicator.flac');
INSERT INTO "sound" VALUES(1928,'http://api.dev.locosonic.com/system/uploads/location_sound/file/1928/Untitled-13.wav');
CREATE TABLE sound_file_info (sound_id INTEGER,channels INTEGER,sample_rate REAL,frames INTEGER);
CREATE TABLE location_sound (id INTEGER PRIMARY KEY,location_id INTEGER,sound_id INTEGER,volume REAL,onset_quantization REAL,onset_quantization_phase REAL,offset_quantization REAL,offset_quantization_phase REAL,duration REAL,repetitions REAL);
INSERT INTO "location_sound" VALUES(2252,1976,1920,1.0,0.0,0.0,0.0,0.0,-4.0,0.0);
INSERT INTO "location_sound" VALUES(2253,1975,1921,1.0,0.0,0.0,0.0,0.0,-4.0,0.0);
INSERT INTO "location_sound" VALUES(2254,1972,1922,1.0,0.0,0.0,0.0,0.0,-4.0,0.0);
INSERT INTO "location_sound" VALUES(2255,1971,1923,1.0,0.0,0.0,0.0,0.0,0.0,0.0);
INSERT INTO "location_sound" VALUES(2256,1971,1924,1.0,0.0,0.0,0.0,0.0,0.0,1.0);
INSERT INTO "location_sound" VALUES(2257,1971,1925,1.0,0.0,0.0,0.0,0.0,0.0,1.0);
INSERT INTO "location_sound" VALUES(2258,1970,1926,1.0,0.0,0.0,0.0,0.0,-4.0,0.0);
INSERT INTO "location_sound" VALUES(2259,1974,1927,1.0,0.0,0.0,0.0,0.0,-1.0,0.0);
INSERT INTO "location_sound" VALUES(2260,1973,1928,1.0,0.0,0.0,0.0,0.0,0.0,0.0);
PRAGMA writable_schema=OFF;
COMMIT;
