PRAGMA foreign_keys=OFF;
BEGIN TRANSACTION;
CREATE TABLE soundscape (id INTEGER PRIMARY KEY,name TEXT,tempo REAL,meter_nominator INTEGER,meter_denominator INTEGER);
INSERT INTO "soundscape" VALUES(177,'SoundGuide-Vienna-DE Karlsplatz',1.0,4,4);
CREATE TABLE location (id INTEGER PRIMARY KEY,soundscape_id INTEGER,latitude REAL,longitude REAL,radius REAL,volume REAL,distance_scale_parameter REAL);
INSERT INTO "location" VALUES(1992,177,4.81999033482553187459e+01,1.63712950126008536244e+01,25.0,1.0,0.1);
INSERT INTO "location" VALUES(1993,177,4.81996075339635794438e+01,1.63709382822285078873e+01,25.0,1.0,0.1);
INSERT INTO "location" VALUES(1994,177,4.81997946300260053913e+01,16.3704688942629,25.0,1.0,0.1);
INSERT INTO "location" VALUES(1995,177,4.81997364782637163207e+01,1.63703321028176382867e+01,107.0,1.0,0.0104713);
INSERT INTO "location" VALUES(1996,177,4.81992965480648578608e+01,1.63706325135671022503e+01,25.0,1.0,0.1);
INSERT INTO "location" VALUES(1997,177,4.81994912314493220142e+01,1.63700987499394159385e+01,25.0,1.0,0.1);
INSERT INTO "location" VALUES(1998,177,4.82000145935676940203e+01,1.63699592726416085497e+01,25.0,1.0,0.1);
PRAGMA writable_schema=ON;
INSERT INTO sqlite_master(type,name,tbl_name,rootpage,sql)VALUES('table','location_index','location_index',0,'CREATE VIRTUAL TABLE location_index USING rtree (id, min_latitude, max_latitude, min_longitude, max_longitude)');
CREATE TABLE "location_index_node"(nodeno INTEGER PRIMARY KEY, data BLOB);
INSERT INTO "location_index_node" VALUES(1,X'0000000700000000000007C84240CC774240CCF04182F7B84182F91B00000000000007C94240CC294240CCA14182F6FD4182F86000000000000007CA4240CC5C4240CCD24182F6074182F76A00000000000007CB4240CB8B4240CD844182F37B4182F96600000000000007CC4240CBD94240CC514182F65D4182F7C000000000000007CD4240CC0C4240CC844182F5454182F6A800000000000007CE4240CC944240CD0C4182F4FC4182F65F0000000000000000000000000000000000000000000000000000000000000000000000000000000000000000000000000000000000000000000000000000000000000000000000000000000000000000000000000000000000000000000000000000000000000000000000000000000000000000000000000000000000000000000000000000000000000000000000000000000000000000000000000000000000000000000000000000000000000000000000000000000000000000000000000000000000000000000000000000000000000000000000000000000000000000000000000000000000000000000000000000000000000000000000000000000000000000000000000000000000000000000000000000000000000000000000000000000000000000000000000000000000000000000000000000000000000000000000000000000000000000000000000000000000000000000000000000000000000000000000000000000000000000000000000000000000000000000000000000000000000000000000000000000000000000000000000000000000000000000000000000000000000000000000000000000000000000000000000000000000000000000000000000000000000000000000000000000000000000000000000000000000000000000000000000000000000000000000000000000000000000000000000000000000000000000000000000000000000000000000000000000000000000000000000000000000000000000000000000000000000000000000000000000000000000000000000000000000000000000000000000000000000000000000000000000000000000000000000000000000000000000000000000000000000000000000000000000000000000000000000000000000000000000000000000000000000000000000000000000000000000000000000000000000000000000000000000000000000000000000000000000000000000000000000000000000000000000000000000000000000000000000000000000000000000000000000000000000000000000000000000000000000000');
CREATE TABLE "location_index_rowid"(rowid INTEGER PRIMARY KEY, nodeno INTEGER);
INSERT INTO "location_index_rowid" VALUES(1992,1);
INSERT INTO "location_index_rowid" VALUES(1993,1);
INSERT INTO "location_index_rowid" VALUES(1994,1);
INSERT INTO "location_index_rowid" VALUES(1995,1);
INSERT INTO "location_index_rowid" VALUES(1996,1);
INSERT INTO "location_index_rowid" VALUES(1997,1);
INSERT INTO "location_index_rowid" VALUES(1998,1);
CREATE TABLE "location_index_parent"(nodeno INTEGER PRIMARY KEY, parentnode INTEGER);
CREATE TABLE sound (id INTEGER PRIMARY KEY,data TEXT);
INSERT INTO "sound" VALUES(1947,'http://api.dev.locosonic.com/system/uploads/location_sound/file/1947/Right.wav');
INSERT INTO "sound" VALUES(1948,'http://api.dev.locosonic.com/system/uploads/location_sound/file/1948/leftright1648.aif');
INSERT INTO "sound" VALUES(1949,'http://api.dev.locosonic.com/system/uploads/location_sound/file/1949/scary.mp3');
INSERT INTO "sound" VALUES(1950,'http://api.dev.locosonic.com/system/uploads/location_sound/file/1950/wrong-right.wav');
INSERT INTO "sound" VALUES(1951,'http://api.dev.locosonic.com/system/uploads/location_sound/file/1951/Race_Robot_-_left');
INSERT INTO "sound" VALUES(1952,'http://api.dev.locosonic.com/system/uploads/location_sound/file/1952/Untitled-13.wav');
INSERT INTO "sound" VALUES(1953,'http://api.dev.locosonic.com/system/uploads/location_sound/file/1953/synthetic_pings__light-bulb__indicator.flac');
INSERT INTO "sound" VALUES(1954,'http://api.dev.locosonic.com/system/uploads/location_sound/file/1954/user_left.wav');
INSERT INTO "sound" VALUES(1955,'http://api.dev.locosonic.com/system/uploads/location_sound/file/1955/proceed_direct.wav');
CREATE TABLE sound_file_info (sound_id INTEGER,channels INTEGER,sample_rate REAL,frames INTEGER);
CREATE TABLE location_sound (id INTEGER PRIMARY KEY,location_id INTEGER,sound_id INTEGER,volume REAL,onset_quantization REAL,onset_quantization_phase REAL,offset_quantization REAL,offset_quantization_phase REAL,duration REAL,repetitions REAL);
INSERT INTO "location_sound" VALUES(2279,1992,1947,1.0,0.0,0.0,0.0,0.0,-4.0,0.0);
INSERT INTO "location_sound" VALUES(2280,1993,1948,1.0,0.0,0.0,0.0,0.0,0.0,0.0);
INSERT INTO "location_sound" VALUES(2281,1993,1949,1.0,0.0,0.0,0.0,0.0,0.0,1.0);
INSERT INTO "location_sound" VALUES(2282,1993,1950,1.0,0.0,0.0,0.0,0.0,0.0,1.0);
INSERT INTO "location_sound" VALUES(2283,1994,1951,1.0,0.0,0.0,0.0,0.0,-4.0,0.0);
INSERT INTO "location_sound" VALUES(2284,1995,1952,1.0,0.0,0.0,0.0,0.0,0.0,0.0);
INSERT INTO "location_sound" VALUES(2285,1996,1953,1.0,0.0,0.0,0.0,0.0,-1.0,0.0);
INSERT INTO "location_sound" VALUES(2286,1997,1954,1.0,0.0,0.0,0.0,0.0,-4.0,0.0);
INSERT INTO "location_sound" VALUES(2287,1998,1955,1.0,0.0,0.0,0.0,0.0,-4.0,0.0);
PRAGMA writable_schema=OFF;
COMMIT;
