PRAGMA foreign_keys=OFF;
BEGIN TRANSACTION;
CREATE TABLE soundscape (id INTEGER PRIMARY KEY,name TEXT,tempo REAL,meter_nominator INTEGER,meter_denominator INTEGER);
INSERT INTO "soundscape" VALUES(179,'Stefansplatz',1.9,4,4);
CREATE TABLE location (id INTEGER PRIMARY KEY,soundscape_id INTEGER,latitude REAL,longitude REAL,radius REAL,volume REAL,distance_scale_parameter REAL);
INSERT INTO "location" VALUES(2001,179,4.82081077477297554895e+01,1.63735322848327768952e+01,5.0,1.0,0.1);
INSERT INTO "location" VALUES(2002,179,4.82081586416974658968e+01,1.63736667226419285725e+01,7.0,1.0,0.0104713);
INSERT INTO "location" VALUES(2003,179,4.82080648185997731039e+01,1.63736170184340608098e+01,5.0,1.0,0.0104713);
INSERT INTO "location" VALUES(2004,179,48.2080407457994,1.63734274551372891437e+01,7.0,1.0,0.0104713);
INSERT INTO "location" VALUES(2005,179,4.82082001046178945094e+01,1.6372870653939564534e+01,9.0,0.735783,0.1);
INSERT INTO "location" VALUES(2006,179,4.82080108521177521643e+01,1.637288148813885158e+01,12.0,1.0,0.1);
INSERT INTO "location" VALUES(2007,179,4.82091678772853668996e+01,1.63729133069930412602e+01,14.0,0.794328,0.1);
INSERT INTO "location" VALUES(2008,179,4.82088751652442866219e+01,1.63729141091573708881e+01,29.0,1.07833,0.0776247);
INSERT INTO "location" VALUES(2009,179,4.82085356848635129259e+01,1.63723379528059851395e+01,12.0,1.0,0.1);
INSERT INTO "location" VALUES(2010,179,48.2096237242632,1.63734525776341115492e+01,12.0,1.0,0.1);
INSERT INTO "location" VALUES(2011,179,4.82082371746231785891e+01,1.63719584610691768489e+01,15.0,1.0,0.1);
INSERT INTO "location" VALUES(2012,179,4.82087893198171784075e+01,1.63732814253399752146e+01,169.0,0.794328,0.1);
INSERT INTO "location" VALUES(2013,179,48.2095417469369,1.63734755532385634069e+01,78.0,0.793414,0.0104713);
INSERT INTO "location" VALUES(2014,179,4.82094051997742454327e+01,1.63731915669529826118e+01,20.0,0.794328,0.0104713);
INSERT INTO "location" VALUES(2015,179,4.82081205785661524041e+01,1.63734959780686040176e+01,24.0,0.794328,0.0104713);
INSERT INTO "location" VALUES(2016,179,4.82081474261484075336e+01,1.63729469464492467518e+01,26.0,0.681161,0.0104713);
INSERT INTO "location" VALUES(2017,179,4.82081123071423434112e+01,1.63724917647051348978e+01,25.0,0.925231,0.0104713);
INSERT INTO "location" VALUES(2018,179,4.82081864472409336039e+01,1.63718851018008173525e+01,33.0,0.794328,0.0104713);
INSERT INTO "location" VALUES(2019,179,4.82086976211531421671e+01,16.3725768843285,41.0,0.793414,0.0457088);
INSERT INTO "location" VALUES(2020,179,4.82086592078768774163e+01,1.63725196269679145193e+01,20.0,0.582774,0.0104713);
INSERT INTO "location" VALUES(2021,179,4.82083425313528479705e+01,1.63723745044951769496e+01,13.0,0.794328,0.0104713);
INSERT INTO "location" VALUES(2022,179,4.8209842247958370363e+01,1.63737779619634693517e+01,23.0,0.681161,0.0138038);
PRAGMA writable_schema=ON;
INSERT INTO sqlite_master(type,name,tbl_name,rootpage,sql)VALUES('table','location_index','location_index',0,'CREATE VIRTUAL TABLE location_index USING rtree (id, min_latitude, max_latitude, min_longitude, max_longitude)');
CREATE TABLE "location_index_node"(nodeno INTEGER PRIMARY KEY, data BLOB);
INSERT INTO "location_index_node" VALUES(1,X'0000001600000000000007D14240D50E4240D5264182FCDB4182FD2200000000000007D24240D5174240D53A4182FD134182FD7700000000000007D34240D5034240D51B4182FD074182FD4F00000000000007D44240D4F84240D51B4182FC964182FCFA00000000000007D54240D51D4240D5484182FB634182FBE400000000000007D64240D4E34240D51F4182FB544182FBFF00000000000007D74240D60F4240D6534182FB564182FC1E00000000000007D84240D59F4240D6284182FAED4182FC8800000000000007D94240D56E4240D5A74182FA374182FAE200000000000007DA4240D68B4240D6C44182FC7F4182FD2A00000000000007DB4240D5174240D5614182F95B4182FA3100000000000007DC4240D43E4240D75D4182F7CF4183012700000000000007DD4240D5DA4240D74A4182FAB84182FF0900000000000007DE4240D63F4240D69F4182FBBE4182FCDA00000000000007DF4240D4E34240D5584182FC414182FD9600000000000007E04240D4E74240D5624182FB134182FC8400000000000007E14240D4E04240D5584182FA2C4182FB8E00000000000007E24240D4E14240D57D4182F8B54182FA8900000000000007E34240D5544240D6174182F9E64182FC2C00000000000007E44240D57A4240D5DA4182FA5E4182FB7A00000000000007E54240D5394240D5784182FA424182FAFC00000000000007E64240D6A94240D7194182FCDC4182FE230000000000000000000000000000000000000000000000000000000000000000000000000000000000000000000000000000000000000000000000000000000000000000000000000000000000000000000000000000000000000000000000000000000000000000000000000000000000000000000000000000000000000000000000000000000000000000000000000000000000000000000000000000000000000000000000000000000000000000000000000000000000000000000000000000000000000000000000000000000000000000000000000000000000000000000000000000000000000000000000000000000000000000000000000000000000000000000000000000000000000000000000000000000000000000000000000000000000000000000000000000000000000000000000000000000000000000000000000000000000000000000000000000000000000000000000000000000000000000000000000000000000000000000000000000000000000000000000000000000000000000000000000000000000000000000000000000000000000000000000000000000000000000');
CREATE TABLE "location_index_rowid"(rowid INTEGER PRIMARY KEY, nodeno INTEGER);
INSERT INTO "location_index_rowid" VALUES(2001,1);
INSERT INTO "location_index_rowid" VALUES(2002,1);
INSERT INTO "location_index_rowid" VALUES(2003,1);
INSERT INTO "location_index_rowid" VALUES(2004,1);
INSERT INTO "location_index_rowid" VALUES(2005,1);
INSERT INTO "location_index_rowid" VALUES(2006,1);
INSERT INTO "location_index_rowid" VALUES(2007,1);
INSERT INTO "location_index_rowid" VALUES(2008,1);
INSERT INTO "location_index_rowid" VALUES(2009,1);
INSERT INTO "location_index_rowid" VALUES(2010,1);
INSERT INTO "location_index_rowid" VALUES(2011,1);
INSERT INTO "location_index_rowid" VALUES(2012,1);
INSERT INTO "location_index_rowid" VALUES(2013,1);
INSERT INTO "location_index_rowid" VALUES(2014,1);
INSERT INTO "location_index_rowid" VALUES(2015,1);
INSERT INTO "location_index_rowid" VALUES(2016,1);
INSERT INTO "location_index_rowid" VALUES(2017,1);
INSERT INTO "location_index_rowid" VALUES(2018,1);
INSERT INTO "location_index_rowid" VALUES(2019,1);
INSERT INTO "location_index_rowid" VALUES(2020,1);
INSERT INTO "location_index_rowid" VALUES(2021,1);
INSERT INTO "location_index_rowid" VALUES(2022,1);
CREATE TABLE "location_index_parent"(nodeno INTEGER PRIMARY KEY, parentnode INTEGER);
CREATE TABLE sound (id INTEGER PRIMARY KEY,data TEXT);
INSERT INTO "sound" VALUES(1957,'http://api.dev.locosonic.com/system/uploads/location_sound/file/1957/Foc.wav');
INSERT INTO "sound" VALUES(1958,'http://api.dev.locosonic.com/system/uploads/location_sound/file/1958/Pala.wav');
INSERT INTO "sound" VALUES(1959,'http://api.dev.locosonic.com/system/uploads/location_sound/file/1959/Afussellament.wav');
INSERT INTO "sound" VALUES(1960,'http://api.dev.locosonic.com/system/uploads/location_sound/file/1960/Pala.wav');
INSERT INTO "sound" VALUES(1961,'http://api.dev.locosonic.com/system/uploads/location_sound/file/1961/Campana_prima.wav');
INSERT INTO "sound" VALUES(1962,'http://api.dev.locosonic.com/system/uploads/location_sound/file/1962/Persiana.wav');
INSERT INTO "sound" VALUES(1963,'http://api.dev.locosonic.com/system/uploads/location_sound/file/1963/Campana_gruixuda.wav');
INSERT INTO "sound" VALUES(1964,'http://api.dev.locosonic.com/system/uploads/location_sound/file/1964/Nens_jugant.wav');
INSERT INTO "sound" VALUES(1965,'http://api.dev.locosonic.com/system/uploads/location_sound/file/1965/Persiana.wav');
INSERT INTO "sound" VALUES(1966,'http://api.dev.locosonic.com/system/uploads/location_sound/file/1966/Carruatge.wav');
INSERT INTO "sound" VALUES(1967,'http://api.dev.locosonic.com/system/uploads/location_sound/file/1967/Cavall.wav');
INSERT INTO "sound" VALUES(1968,'http://api.dev.locosonic.com/system/uploads/location_sound/file/1968/Mar.wav');
INSERT INTO "sound" VALUES(1969,'http://api.dev.locosonic.com/system/uploads/location_sound/file/1969/Tiorba_baix_orgue_50c.wav');
INSERT INTO "sound" VALUES(1970,'http://api.dev.locosonic.com/system/uploads/location_sound/file/1970/Veus_aurora_10_c..wav');
INSERT INTO "sound" VALUES(1971,'http://api.dev.locosonic.com/system/uploads/location_sound/file/1971/Cor_fossar_10_c.wav');
INSERT INTO "sound" VALUES(1972,'http://api.dev.locosonic.com/system/uploads/location_sound/file/1972/Piano___sinte_40_c.wav');
INSERT INTO "sound" VALUES(1973,'http://api.dev.locosonic.com/system/uploads/location_sound/file/1973/Tiorba_baix_orgue_50c.wav');
INSERT INTO "sound" VALUES(1974,'http://api.dev.locosonic.com/system/uploads/location_sound/file/1974/Cor_fa_ana_amb_instruments_10c.wav');
INSERT INTO "sound" VALUES(1975,'http://api.dev.locosonic.com/system/uploads/location_sound/file/1975/Composicio_emite_amb_instru.wav');
INSERT INTO "sound" VALUES(1976,'http://api.dev.locosonic.com/system/uploads/location_sound/file/1976/Tiorba_baix_orgue_50c.wav');
INSERT INTO "sound" VALUES(1977,'http://api.dev.locosonic.com/system/uploads/location_sound/file/1977/Arpes_i_sintes_16_c.wav');
INSERT INTO "sound" VALUES(1978,'http://api.dev.locosonic.com/system/uploads/location_sound/file/1978/Canon_deduc_me_16c.wav');
INSERT INTO "sound" VALUES(1979,'http://api.dev.locosonic.com/system/uploads/location_sound/file/1979/Campana_gruixuda.wav');
INSERT INTO "sound" VALUES(1980,'http://api.dev.locosonic.com/system/uploads/location_sound/file/1980/Redimeme_cor_veus_10_c.wav');
CREATE TABLE sound_file_info (sound_id INTEGER,channels INTEGER,sample_rate REAL,frames INTEGER);
CREATE TABLE location_sound (id INTEGER PRIMARY KEY,location_id INTEGER,sound_id INTEGER,volume REAL,onset_quantization REAL,onset_quantization_phase REAL,offset_quantization REAL,offset_quantization_phase REAL,duration REAL,repetitions REAL);
INSERT INTO "location_sound" VALUES(2289,2001,1957,1.0,0.0,0.0,0.0,0.0,0.0,0.0);
INSERT INTO "location_sound" VALUES(2290,2002,1958,0.627697,0.0,0.0,0.0,0.0,0.0,0.0);
INSERT INTO "location_sound" VALUES(2291,2003,1959,1.2735,0.0,0.0,-10.0,0.0,0.0,1.0);
INSERT INTO "location_sound" VALUES(2292,2004,1960,0.62842,0.0,0.0,0.0,0.0,0.0,0.0);
INSERT INTO "location_sound" VALUES(2293,2005,1961,1.0,0.0,0.0,-10.0,0.0,0.0,1.0);
INSERT INTO "location_sound" VALUES(2294,2006,1962,1.0,0.0,0.0,-5.0,0.0,0.0,0.0);
INSERT INTO "location_sound" VALUES(2295,2007,1963,0.726106,0.0,0.0,0.0,0.0,0.0,1.0);
INSERT INTO "location_sound" VALUES(2296,2008,1964,1.0,0.0,0.0,0.0,0.0,0.0,0.0);
INSERT INTO "location_sound" VALUES(2297,2009,1965,1.0,0.0,0.0,0.0,0.0,0.0,0.0);
INSERT INTO "location_sound" VALUES(2298,2010,1966,1.0,0.0,0.0,0.0,0.0,0.0,0.0);
INSERT INTO "location_sound" VALUES(2299,2011,1967,1.36066,0.0,0.0,0.0,0.0,0.0,0.0);
INSERT INTO "location_sound" VALUES(2300,2012,1968,1.0,0.0,0.0,0.0,0.0,0.0,0.0);
INSERT INTO "location_sound" VALUES(2301,2013,1969,1.0,-5.0,0.0,-5.0,0.0,-50.0,0.0);
INSERT INTO "location_sound" VALUES(2302,2014,1970,0.630957,-5.0,0.0,-5.0,0.0,-10.0,0.0);
INSERT INTO "location_sound" VALUES(2303,2015,1971,1.0,-5.0,0.0,-5.0,0.0,-10.0,0.0);
INSERT INTO "location_sound" VALUES(2304,2016,1972,0.743875,-5.0,0.0,-5.0,0.0,-40.0,0.0);
INSERT INTO "location_sound" VALUES(2305,2016,1973,0.743875,-5.0,0.0,-5.0,0.0,-50.0,0.0);
INSERT INTO "location_sound" VALUES(2306,2017,1974,1.18645,-5.0,0.0,-5.0,0.0,-10.0,0.0);
INSERT INTO "location_sound" VALUES(2307,2018,1975,1.0,-5.0,0.0,-5.0,0.0,-35.0,0.0);
INSERT INTO "location_sound" VALUES(2308,2018,1976,1.0,-5.0,0.0,-5.0,0.0,-50.0,0.0);
INSERT INTO "location_sound" VALUES(2309,2019,1977,1.0,-4.0,0.0,-8.0,0.0,-16.0,0.0);
INSERT INTO "location_sound" VALUES(2310,2020,1978,0.535797,-4.0,0.0,-4.0,0.0,-16.0,0.0);
INSERT INTO "location_sound" VALUES(2311,2021,1979,0.924698,0.0,0.0,-10.0,0.0,0.0,0.0);
INSERT INTO "location_sound" VALUES(2312,2022,1980,0.539821,-5.0,0.0,-5.0,0.0,-10.0,0.0);
PRAGMA writable_schema=OFF;
COMMIT;
