PRAGMA foreign_keys=OFF;
BEGIN TRANSACTION;
CREATE TABLE soundscape (id INTEGER PRIMARY KEY,name TEXT,tempo REAL,meter_nominator INTEGER,meter_denominator INTEGER);
INSERT INTO "soundscape" VALUES(183,'Kirchenwirt Puch',1.9,4,4);
CREATE TABLE location (id INTEGER PRIMARY KEY,soundscape_id INTEGER,latitude REAL,longitude REAL,radius REAL,volume REAL,distance_scale_parameter REAL);
INSERT INTO "location" VALUES(2051,183,4.77168188710456746531e+01,1.30906669104788893061e+01,5.0,1.0,0.1);
INSERT INTO "location" VALUES(2052,183,47.7169310370737,1.30907069483146187849e+01,7.0,1.0,0.0104713);
INSERT INTO "location" VALUES(2053,183,4.77167760123387196813e+01,1.30907543473828500422e+01,5.0,1.0,0.0104713);
INSERT INTO "location" VALUES(2054,183,4.77167519790285155067e+01,1.30905662999786205342e+01,7.0,1.0,0.0104713);
INSERT INTO "location" VALUES(2055,183,4.77169110764266264385e+01,1.30899994637319920802e+01,9.0,0.735783,0.1);
INSERT INTO "location" VALUES(2056,183,4.77167221343858116711e+01,1.30900222154176990583e+01,12.0,1.0,0.1);
INSERT INTO "location" VALUES(2057,183,4.77177762070734630146e+01,1.3091021870017016226e+01,14.0,0.794328,0.1);
INSERT INTO "location" VALUES(2058,183,4.77174551017777233159e+01,1.3090912359537242082e+01,29.0,1.07833,0.0776247);
INSERT INTO "location" VALUES(2059,183,4.77171306140033948386e+01,1.30899176991417789397e+01,12.0,1.0,0.1);
INSERT INTO "location" VALUES(2060,183,4.77182890519950078092e+01,1.30911998394319653018e+01,12.0,1.0,0.1);
INSERT INTO "location" VALUES(2061,183,4.77170347050680163656e+01,1.30891278518430453914e+01,15.0,1.0,0.1);
INSERT INTO "location" VALUES(2062,183,4.77174993250331809253e+01,1.30903731306704784742e+01,169.0,0.794328,0.1);
INSERT INTO "location" VALUES(2063,183,4.77181350278491791519e+01,1.30911743334925176893e+01,78.0,0.793414,0.0104713);
INSERT INTO "location" VALUES(2064,183,4.77180347951212837634e+01,1.30911349807972783305e+01,20.0,0.794328,0.0104713);
INSERT INTO "location" VALUES(2065,183,4.77168316808336783179e+01,1.30906297957391739574e+01,24.0,0.794328,0.0104713);
INSERT INTO "location" VALUES(2066,183,4.77168584843737946226e+01,1.30900790734885656978e+01,26.0,0.681161,0.0104713);
INSERT INTO "location" VALUES(2067,183,4.77168234229787557865e+01,1.30896261032387837273e+01,25.0,0.925231,0.0104713);
INSERT INTO "location" VALUES(2068,183,4.77170778986499755092e+01,1.30889825851127170606e+01,33.0,0.794328,0.0104713);
INSERT INTO "location" VALUES(2069,183,4.77172922849977112482e+01,1.30908491717962078833e+01,30.0,0.793414,0.0457088);
INSERT INTO "location" VALUES(2070,183,4.7717185361223705799e+01,1.30908372487911037749e+01,20.0,0.582774,0.0104713);
INSERT INTO "location" VALUES(2071,183,4.77172914721703733675e+01,1.30900415160415377617e+01,13.0,0.794328,0.0104713);
INSERT INTO "location" VALUES(2072,183,4.77185721800272659703e+01,1.30912754274215785703e+01,23.0,0.681161,0.0138038);
PRAGMA writable_schema=ON;
INSERT INTO sqlite_master(type,name,tbl_name,rootpage,sql)VALUES('table','location_index','location_index',0,'CREATE VIRTUAL TABLE location_index USING rtree (id, min_latitude, max_latitude, min_longitude, max_longitude)');
CREATE TABLE "location_index_node"(nodeno INTEGER PRIMARY KEY, data BLOB);
INSERT INTO "location_index_node" VALUES(1,X'000000160000000000000803423EDDF8423EDE1241517319415173A70000000000000804423EDE11423EDE3441517327415173ED0000000000000805423EDDED423EDE0841517373415174010000000000000806423EDDE2423EDE0541517292415173580000000000000807423EDE07423EDE3541517025415171230000000000000808423EDDD0423EDE0941517011415171650000000000000809423EDEDE423EDF224151740F41517598000000000000080A423EDE68423EDEF1415172CA415175F7000000000000080B423EDE3B423EDE7441516FA5415170F6000000000000080C423EDF69423EDFA5415174E441517638000000000000080D423EDE19423EDE6241516C3F41516DE4000000000000080E423EDD28423EE047415168EA41517B6C000000000000080F423EDEA5423EE0174151712C415179B90000000000000810423EDF15423EDF7441517430415176640000000000000811423EDDCF423EDE42415171E6415174890000000000000812423EDDD1423EDE4F41516F8A415172650000000000000813423EDDCC423EDE4241516DBD4151707C0000000000000814423EDDFA423EDE9941516AAA41516E480000000000000815423EDE3B423EDEC941517278415175C30000000000000816423EDE35423EDE95415172F94151752C0000000000000817423EDE63423EDEA241517019415171860000000000000818423EDF9B423EE00841517499415177200000000000000000000000000000000000000000000000000000000000000000000000000000000000000000000000000000000000000000000000000000000000000000000000000000000000000000000000000000000000000000000000000000000000000000000000000000000000000000000000000000000000000000000000000000000000000000000000000000000000000000000000000000000000000000000000000000000000000000000000000000000000000000000000000000000000000000000000000000000000000000000000000000000000000000000000000000000000000000000000000000000000000000000000000000000000000000000000000000000000000000000000000000000000000000000000000000000000000000000000000000000000000000000000000000000000000000000000000000000000000000000000000000000000000000000000000000000000000000000000000000000000000000000000000000000000000000000000000000000000000000000000000000000000000000000000000000000000000000000000000000000000000000');
CREATE TABLE "location_index_rowid"(rowid INTEGER PRIMARY KEY, nodeno INTEGER);
INSERT INTO "location_index_rowid" VALUES(2051,1);
INSERT INTO "location_index_rowid" VALUES(2052,1);
INSERT INTO "location_index_rowid" VALUES(2053,1);
INSERT INTO "location_index_rowid" VALUES(2054,1);
INSERT INTO "location_index_rowid" VALUES(2055,1);
INSERT INTO "location_index_rowid" VALUES(2056,1);
INSERT INTO "location_index_rowid" VALUES(2057,1);
INSERT INTO "location_index_rowid" VALUES(2058,1);
INSERT INTO "location_index_rowid" VALUES(2059,1);
INSERT INTO "location_index_rowid" VALUES(2060,1);
INSERT INTO "location_index_rowid" VALUES(2061,1);
INSERT INTO "location_index_rowid" VALUES(2062,1);
INSERT INTO "location_index_rowid" VALUES(2063,1);
INSERT INTO "location_index_rowid" VALUES(2064,1);
INSERT INTO "location_index_rowid" VALUES(2065,1);
INSERT INTO "location_index_rowid" VALUES(2066,1);
INSERT INTO "location_index_rowid" VALUES(2067,1);
INSERT INTO "location_index_rowid" VALUES(2068,1);
INSERT INTO "location_index_rowid" VALUES(2069,1);
INSERT INTO "location_index_rowid" VALUES(2070,1);
INSERT INTO "location_index_rowid" VALUES(2071,1);
INSERT INTO "location_index_rowid" VALUES(2072,1);
CREATE TABLE "location_index_parent"(nodeno INTEGER PRIMARY KEY, parentnode INTEGER);
CREATE TABLE sound (id INTEGER PRIMARY KEY,data TEXT);
INSERT INTO "sound" VALUES(2013,'http://api.dev.locosonic.com/system/uploads/location_sound/file/2013/Foc.wav');
INSERT INTO "sound" VALUES(2014,'http://api.dev.locosonic.com/system/uploads/location_sound/file/2014/Pala.wav');
INSERT INTO "sound" VALUES(2015,'http://api.dev.locosonic.com/system/uploads/location_sound/file/2015/Afussellament.wav');
INSERT INTO "sound" VALUES(2016,'http://api.dev.locosonic.com/system/uploads/location_sound/file/2016/Pala.wav');
INSERT INTO "sound" VALUES(2017,'http://api.dev.locosonic.com/system/uploads/location_sound/file/2017/Campana_prima.wav');
INSERT INTO "sound" VALUES(2018,'http://api.dev.locosonic.com/system/uploads/location_sound/file/2018/Persiana.wav');
INSERT INTO "sound" VALUES(2019,'http://api.dev.locosonic.com/system/uploads/location_sound/file/2019/Campana_gruixuda.wav');
INSERT INTO "sound" VALUES(2020,'http://api.dev.locosonic.com/system/uploads/location_sound/file/2020/Nens_jugant.wav');
INSERT INTO "sound" VALUES(2021,'http://api.dev.locosonic.com/system/uploads/location_sound/file/2021/Persiana.wav');
INSERT INTO "sound" VALUES(2022,'http://api.dev.locosonic.com/system/uploads/location_sound/file/2022/Carruatge.wav');
INSERT INTO "sound" VALUES(2023,'http://api.dev.locosonic.com/system/uploads/location_sound/file/2023/Cavall.wav');
INSERT INTO "sound" VALUES(2024,'http://api.dev.locosonic.com/system/uploads/location_sound/file/2024/Mar.wav');
INSERT INTO "sound" VALUES(2025,'http://api.dev.locosonic.com/system/uploads/location_sound/file/2025/Tiorba_baix_orgue_50c.wav');
INSERT INTO "sound" VALUES(2026,'http://api.dev.locosonic.com/system/uploads/location_sound/file/2026/Veus_aurora_10_c..wav');
INSERT INTO "sound" VALUES(2027,'http://api.dev.locosonic.com/system/uploads/location_sound/file/2027/Cor_fossar_10_c.wav');
INSERT INTO "sound" VALUES(2028,'http://api.dev.locosonic.com/system/uploads/location_sound/file/2028/Piano___sinte_40_c.wav');
INSERT INTO "sound" VALUES(2029,'http://api.dev.locosonic.com/system/uploads/location_sound/file/2029/Tiorba_baix_orgue_50c.wav');
INSERT INTO "sound" VALUES(2030,'http://api.dev.locosonic.com/system/uploads/location_sound/file/2030/Cor_fa_ana_amb_instruments_10c.wav');
INSERT INTO "sound" VALUES(2031,'http://api.dev.locosonic.com/system/uploads/location_sound/file/2031/Composicio_emite_amb_instru.wav');
INSERT INTO "sound" VALUES(2032,'http://api.dev.locosonic.com/system/uploads/location_sound/file/2032/Tiorba_baix_orgue_50c.wav');
INSERT INTO "sound" VALUES(2033,'http://api.dev.locosonic.com/system/uploads/location_sound/file/2033/Arpes_i_sintes_16_c.wav');
INSERT INTO "sound" VALUES(2034,'http://api.dev.locosonic.com/system/uploads/location_sound/file/2034/Canon_deduc_me_16c.wav');
INSERT INTO "sound" VALUES(2035,'http://api.dev.locosonic.com/system/uploads/location_sound/file/2035/Campana_gruixuda.wav');
INSERT INTO "sound" VALUES(2036,'http://api.dev.locosonic.com/system/uploads/location_sound/file/2036/Redimeme_cor_veus_10_c.wav');
CREATE TABLE sound_file_info (sound_id INTEGER,channels INTEGER,sample_rate REAL,frames INTEGER);
CREATE TABLE location_sound (id INTEGER PRIMARY KEY,location_id INTEGER,sound_id INTEGER,volume REAL,onset_quantization REAL,onset_quantization_phase REAL,offset_quantization REAL,offset_quantization_phase REAL,duration REAL,repetitions REAL);
INSERT INTO "location_sound" VALUES(2347,2051,2013,1.0,0.0,0.0,0.0,0.0,0.0,0.0);
INSERT INTO "location_sound" VALUES(2348,2052,2014,0.627697,0.0,0.0,0.0,0.0,0.0,0.0);
INSERT INTO "location_sound" VALUES(2349,2053,2015,1.2735,0.0,0.0,-10.0,0.0,0.0,1.0);
INSERT INTO "location_sound" VALUES(2350,2054,2016,0.62842,0.0,0.0,0.0,0.0,0.0,0.0);
INSERT INTO "location_sound" VALUES(2351,2055,2017,1.0,0.0,0.0,-10.0,0.0,0.0,1.0);
INSERT INTO "location_sound" VALUES(2352,2056,2018,1.0,0.0,0.0,-5.0,0.0,0.0,0.0);
INSERT INTO "location_sound" VALUES(2353,2057,2019,0.726106,0.0,0.0,0.0,0.0,0.0,1.0);
INSERT INTO "location_sound" VALUES(2354,2058,2020,1.0,0.0,0.0,0.0,0.0,0.0,0.0);
INSERT INTO "location_sound" VALUES(2355,2059,2021,1.0,0.0,0.0,0.0,0.0,0.0,0.0);
INSERT INTO "location_sound" VALUES(2356,2060,2022,1.0,0.0,0.0,0.0,0.0,0.0,0.0);
INSERT INTO "location_sound" VALUES(2357,2061,2023,1.36066,0.0,0.0,0.0,0.0,0.0,0.0);
INSERT INTO "location_sound" VALUES(2358,2062,2024,1.0,0.0,0.0,0.0,0.0,0.0,0.0);
INSERT INTO "location_sound" VALUES(2359,2063,2025,1.0,-5.0,0.0,-5.0,0.0,-50.0,0.0);
INSERT INTO "location_sound" VALUES(2360,2064,2026,0.630957,-5.0,0.0,-5.0,0.0,-10.0,0.0);
INSERT INTO "location_sound" VALUES(2361,2065,2027,1.0,-5.0,0.0,-5.0,0.0,-10.0,0.0);
INSERT INTO "location_sound" VALUES(2362,2066,2028,0.743875,-5.0,0.0,-5.0,0.0,-40.0,0.0);
INSERT INTO "location_sound" VALUES(2363,2066,2029,0.743875,-5.0,0.0,-5.0,0.0,-50.0,0.0);
INSERT INTO "location_sound" VALUES(2364,2067,2030,1.18645,-5.0,0.0,-5.0,0.0,-10.0,0.0);
INSERT INTO "location_sound" VALUES(2365,2068,2031,1.0,-5.0,0.0,-5.0,0.0,-35.0,0.0);
INSERT INTO "location_sound" VALUES(2366,2068,2032,1.0,-5.0,0.0,-5.0,0.0,-50.0,0.0);
INSERT INTO "location_sound" VALUES(2367,2069,2033,1.0,-4.0,0.0,-8.0,0.0,-16.0,0.0);
INSERT INTO "location_sound" VALUES(2368,2070,2034,0.535797,-4.0,0.0,-4.0,0.0,-16.0,0.0);
INSERT INTO "location_sound" VALUES(2369,2071,2035,0.924698,0.0,0.0,-10.0,0.0,0.0,0.0);
INSERT INTO "location_sound" VALUES(2370,2072,2036,0.539821,-5.0,0.0,-5.0,0.0,-10.0,0.0);
PRAGMA writable_schema=OFF;
COMMIT;
