PRAGMA foreign_keys=OFF;
BEGIN TRANSACTION;
CREATE TABLE soundscape (id INTEGER PRIMARY KEY,name TEXT,tempo REAL,meter_nominator INTEGER,meter_denominator INTEGER);
INSERT INTO "soundscape" VALUES(186,'NJEDge',1.0,4,4);
CREATE TABLE location (id INTEGER PRIMARY KEY,soundscape_id INTEGER,latitude REAL,longitude REAL,radius REAL,volume REAL,distance_scale_parameter REAL);
INSERT INTO "location" VALUES(2087,186,4.03389964168666850232e+01,-74.6006977558136,34.0,1.0,0.1);
INSERT INTO "location" VALUES(2088,186,4.0338612058298437546e+01,-7.46015560626983642578e+01,34.0,1.0,0.1);
INSERT INTO "location" VALUES(2089,186,4.03382195196282751243e+01,-7.46008586883544921875e+01,29.0,1.0,0.1);
INSERT INTO "location" VALUES(2091,186,4.03385302795971654185e+01,-7.46025967597961425781e+01,39.0,1.0,0.1);
INSERT INTO "location" VALUES(2093,186,4.0338088672897391973e+01,-7.46034926176071166992e+01,25.0,1.0,0.1);
INSERT INTO "location" VALUES(2094,186,4.03377043091578428839e+01,-7.46038091182708740234e+01,25.0,1.0,0.1);
PRAGMA writable_schema=ON;
INSERT INTO sqlite_master(type,name,tbl_name,rootpage,sql)VALUES('table','location_index','location_index',0,'CREATE VIRTUAL TABLE location_index USING rtree (id, min_latitude, max_latitude, min_longitude, max_longitude)');
CREATE TABLE "location_index_node"(nodeno INTEGER PRIMARY KEY, data BLOB);
INSERT INTO "location_index_node" VALUES(1,X'00000006000000000000082742215AD042215B73C29533C4C295335A000000000000082842215A6C42215B0FC2953434C29533C9000000000000082942215A1142215A9BC29533D1C2953376000000000000082B42215A4A42215B04C29534C4C295344B000000000000082D422159F842215A6FC2953524C29534D6000000000000082E4221599442215A0BC295354EC29534FF0000000000000000000000000000000000000000000000000000000000000000000000000000000000000000000000000000000000000000000000000000000000000000000000000000000000000000000000000000000000000000000000000000000000000000000000000000000000000000000000000000000000000000000000000000000000000000000000000000000000000000000000000000000000000000000000000000000000000000000000000000000000000000000000000000000000000000000000000000000000000000000000000000000000000000000000000000000000000000000000000000000000000000000000000000000000000000000000000000000000000000000000000000000000000000000000000000000000000000000000000000000000000000000000000000000000000000000000000000000000000000000000000000000000000000000000000000000000000000000000000000000000000000000000000000000000000000000000000000000000000000000000000000000000000000000000000000000000000000000000000000000000000000000000000000000000000000000000000000000000000000000000000000000000000000000000000000000000000000000000000000000000000000000000000000000000000000000000000000000000000000000000000000000000000000000000000000000000000000000000000000000000000000000000000000000000000000000000000000000000000000000000000000000000000000000000000000000000000000000000000000000000000000000000000000000000000000000000000000000000000000000000000000000000000000000000000000000000000000000000000000000000000000000000000000000000000000000000000000000000000000000000000000000000000000000000000000000000000000000000000000000000000000000000000000000000000000000000000000000000000000000000000000000000000000000000000000000000000000000000000000000000000000000000000000000000000000000000000000000000000000');
CREATE TABLE "location_index_rowid"(rowid INTEGER PRIMARY KEY, nodeno INTEGER);
INSERT INTO "location_index_rowid" VALUES(2087,1);
INSERT INTO "location_index_rowid" VALUES(2088,1);
INSERT INTO "location_index_rowid" VALUES(2089,1);
INSERT INTO "location_index_rowid" VALUES(2091,1);
INSERT INTO "location_index_rowid" VALUES(2093,1);
INSERT INTO "location_index_rowid" VALUES(2094,1);
CREATE TABLE "location_index_parent"(nodeno INTEGER PRIMARY KEY, parentnode INTEGER);
CREATE TABLE sound (id INTEGER PRIMARY KEY,data TEXT);
INSERT INTO "sound" VALUES(2051,'http://api.dev.locosonic.com/system/uploads/location_sound/file/2051/mona_lisa_edited.mp3');
INSERT INTO "sound" VALUES(2052,'http://api.dev.locosonic.com/system/uploads/location_sound/file/2052/houlihans_edited_final.mp3');
INSERT INTO "sound" VALUES(2053,'http://api.dev.locosonic.com/system/uploads/location_sound/file/2053/_Otaiko_Sushi_edited.mp3');
INSERT INTO "sound" VALUES(2054,'http://api.dev.locosonic.com/system/uploads/location_sound/file/2054/blimpie_edited.mp3');
CREATE TABLE sound_file_info (sound_id INTEGER,channels INTEGER,sample_rate REAL,frames INTEGER);
CREATE TABLE location_sound (id INTEGER PRIMARY KEY,location_id INTEGER,sound_id INTEGER,volume REAL,onset_quantization REAL,onset_quantization_phase REAL,offset_quantization REAL,offset_quantization_phase REAL,duration REAL,repetitions REAL);
INSERT INTO "location_sound" VALUES(2388,2087,2051,1.0,0.0,0.0,0.0,0.0,0.0,0.0);
INSERT INTO "location_sound" VALUES(2389,2088,2053,1.0,0.0,0.0,0.0,0.0,0.0,0.0);
INSERT INTO "location_sound" VALUES(2390,2089,2052,1.0,0.0,0.0,0.0,0.0,0.0,0.0);
INSERT INTO "location_sound" VALUES(2391,2091,2054,1.0,0.0,0.0,0.0,0.0,0.0,0.0);
INSERT INTO "location_sound" VALUES(2393,2094,2054,1.0,0.0,0.0,0.0,0.0,0.0,0.0);
PRAGMA writable_schema=OFF;
COMMIT;
