PRAGMA foreign_keys=OFF;
BEGIN TRANSACTION;
CREATE TABLE soundscape (id INTEGER PRIMARY KEY,name TEXT,tempo REAL,meter_nominator INTEGER,meter_denominator INTEGER);
INSERT INTO "soundscape" VALUES(43,'MTG',1.0,4,4);
CREATE TABLE location (id INTEGER PRIMARY KEY,soundscape_id INTEGER,latitude REAL,longitude REAL,radius REAL,volume REAL,distance_scale_parameter REAL);
INSERT INTO "location" VALUES(199,43,4.14037017822265625017e+01,2.19337010383605957031e+00,17.0,1.0,0.1);
INSERT INTO "location" VALUES(200,43,4.14038009643554687482e+01,2.19362998008728027343e+00,15.0,1.0,0.1);
INSERT INTO "location" VALUES(201,43,4.14039001464843749991e+01,2.19373011589050292968e+00,27.0,1.0,0.1);
INSERT INTO "location" VALUES(202,43,4.14042015075683593732e+01,2.19428992271423339843e+00,29.0,1.0,0.1);
INSERT INTO "location" VALUES(203,43,4.14040985107421875008e+01,2.1940898895263671875e+00,37.0,1.0,0.1);
INSERT INTO "location" VALUES(204,43,4.14039001464843749991e+01,2.19427990913391113281e+00,32.0,1.0,0.1);
INSERT INTO "location" VALUES(205,43,4.14034004211425781232e+01,2.19378995895385742187e+00,34.0,1.0,0.1);
INSERT INTO "location" VALUES(206,43,4.14034004211425781232e+01,2.19401001930236816406e+00,18.0,1.0,0.1);
INSERT INTO "location" VALUES(207,43,4.14034124922378339323e+01,2.19421613216400146484e+00,7.0,1.0,0.1);
INSERT INTO "location" VALUES(208,43,4.14034004211425781232e+01,2.1937999725341796875e+00,23.0,1.0,0.1);
INSERT INTO "location" VALUES(209,43,4.14034996032714843741e+01,2.19428992271423339843e+00,7.0,1.0,0.1);
INSERT INTO "location" VALUES(210,43,4.14033012390136718767e+01,2.19509005546569824218e+00,66.0,0.199986,0.1);
INSERT INTO "location" VALUES(212,43,41.4031982421875,2.19432997703552246093e+00,13.0,1.0,0.1);
INSERT INTO "location" VALUES(229,43,4.14034004211425781232e+01,2.19595003128051757812e+00,6.0,1.0,0.1);
INSERT INTO "location" VALUES(230,43,4.14030990600585937491e+01,2.1944599151611328125e+00,8.0,1.0,0.1);
INSERT INTO "location" VALUES(231,43,4.14033012390136718767e+01,2.19604992866516113281e+00,12.0,1.0,0.1);
INSERT INTO "location" VALUES(232,43,4.14031580050618757109e+01,2.19464230537414550781e+00,12.0,1.0,0.1);
INSERT INTO "location" VALUES(234,43,4.14029998779296874982e+01,2.195159912109375e+00,5.0,1.0,0.1);
INSERT INTO "location" VALUES(235,43,4.14029998779296874982e+01,2.19514989852905273437e+00,18.0,1.0,0.1);
INSERT INTO "location" VALUES(243,43,4.14036752353991843733e+01,2.19528329372406,25.0,1.0,0.1);
INSERT INTO "location" VALUES(244,43,4.14034004211425781232e+01,2.19558000564575195312e+00,25.0,1.0,0.1);
INSERT INTO "location" VALUES(245,43,4.14033012390136718767e+01,2.19561004638671875e+00,25.0,1.0,0.1);
INSERT INTO "location" VALUES(246,43,4.14034004211425781232e+01,2.19543004035949707031e+00,8.0,1.0,0.1);
INSERT INTO "location" VALUES(247,43,4.14034004211425781232e+01,2.19530010223388671875e+00,7.0,1.0,0.1);
INSERT INTO "location" VALUES(248,43,4.140349557957870985e+01,2.19521534442901611328e+00,8.0,1.0,0.1);
INSERT INTO "location" VALUES(249,43,41.4031982421875,2.19591999053955078125e+00,3.0,1.0,0.1);
INSERT INTO "location" VALUES(442,43,4.14036721931490632204e+01,2.19437420368194580078e+00,25.0,0.199986,0.1);
INSERT INTO "location" VALUES(479,43,4.14045573971527574013e+01,2.19597280025482177734e+00,25.0,1.0,0.1);
PRAGMA writable_schema=ON;
INSERT INTO sqlite_master(type,name,tbl_name,rootpage,sql)VALUES('table','location_index','location_index',0,'CREATE VIRTUAL TABLE location_index USING rtree (id, min_latitude, max_latitude, min_longitude, max_longitude)');
CREATE TABLE "location_index_node"(nodeno INTEGER PRIMARY KEY, data BLOB);
INSERT INTO "location_index_node" VALUES(1,X'0000001C00000000000000C742259D3B42259D8D400C5CD6400C638400000000000000C842259D5942259DA3400C617C400C676200000000000000C942259D5842259DD8400C60C5400C6B6100000000000000CA42259DA142259E2D400C698C400C74F200000000000000CB42259D7342259E25400C64B3400C733D00000000000000CC42259D4B42259DE5400C68CB400C755F00000000000000CD42259CC442259D66400C6060400C6DBC00000000000000CE42259CE942259D41400C671F400C6E3300000000000000CF42259D0642259D29400C6CA9400C6F6A00000000000000D042259CDD42259D4D400C62B3400C6BBD00000000000000D142259D1E42259D40400C6DDE400C70A000000000000000D242259C5F42259D97400C6F63400C895300000000000000D442259CC142259CFF400C6D59400C727500000000000000E542259D0642259D24400C8944400C8BA000000000000000E642259CB342259CD9400C7075400C739B00000000000000E742259CDD42259D19400C89B8400C8E7200000000000000E842259CB942259CF2400C72A8400C776200000000000000EA42259CA042259CB8400C7C83400C7E7D00000000000000EB42259C8042259CD8400C79CC400C80E000000000000000F342259D2242259D98400C7A9C400C846F00000000000000F442259CDA42259D50400C7F78400C894C00000000000000F542259CC042259D36400C7FF6400C89CA00000000000000F642259D0242259D28400C805A400C838000000000000000F742259D0442259D26400C7E6B400C812D00000000000000F842259D1B42259D41400C7CD6400C7FFB00000000000000F942259CD842259CE8400C895D400C8A8B00000000000001BA42259D2142259D98400C6BB7400C758A00000000000001DF42259E0942259E81400C85E8400C8FBB0000000000000000000000000000000000000000000000000000000000000000000000000000000000000000000000000000000000000000000000000000000000000000000000000000000000000000000000000000000000000000000000000000000000000000000000000000000000000000000000000000000000000000000000000000000000000000000000000000000000000000000000000000000000000000000000000000000000000000000000000000000000000000000000000000000000000000000000000000000000000000000000000000000000000000000000000000000000000000000000000000000000000000000000000000000000000000000000000000000000000000000000000000000000000000');
CREATE TABLE "location_index_rowid"(rowid INTEGER PRIMARY KEY, nodeno INTEGER);
INSERT INTO "location_index_rowid" VALUES(199,1);
INSERT INTO "location_index_rowid" VALUES(200,1);
INSERT INTO "location_index_rowid" VALUES(201,1);
INSERT INTO "location_index_rowid" VALUES(202,1);
INSERT INTO "location_index_rowid" VALUES(203,1);
INSERT INTO "location_index_rowid" VALUES(204,1);
INSERT INTO "location_index_rowid" VALUES(205,1);
INSERT INTO "location_index_rowid" VALUES(206,1);
INSERT INTO "location_index_rowid" VALUES(207,1);
INSERT INTO "location_index_rowid" VALUES(208,1);
INSERT INTO "location_index_rowid" VALUES(209,1);
INSERT INTO "location_index_rowid" VALUES(210,1);
INSERT INTO "location_index_rowid" VALUES(212,1);
INSERT INTO "location_index_rowid" VALUES(229,1);
INSERT INTO "location_index_rowid" VALUES(230,1);
INSERT INTO "location_index_rowid" VALUES(231,1);
INSERT INTO "location_index_rowid" VALUES(232,1);
INSERT INTO "location_index_rowid" VALUES(234,1);
INSERT INTO "location_index_rowid" VALUES(235,1);
INSERT INTO "location_index_rowid" VALUES(243,1);
INSERT INTO "location_index_rowid" VALUES(244,1);
INSERT INTO "location_index_rowid" VALUES(245,1);
INSERT INTO "location_index_rowid" VALUES(246,1);
INSERT INTO "location_index_rowid" VALUES(247,1);
INSERT INTO "location_index_rowid" VALUES(248,1);
INSERT INTO "location_index_rowid" VALUES(249,1);
INSERT INTO "location_index_rowid" VALUES(442,1);
INSERT INTO "location_index_rowid" VALUES(479,1);
CREATE TABLE "location_index_parent"(nodeno INTEGER PRIMARY KEY, parentnode INTEGER);
CREATE TABLE sound (id INTEGER PRIMARY KEY,data TEXT);
INSERT INTO "sound" VALUES(178,'http://api.dev.locosonic.com/system/uploads/location_sound/file/178/8-bit_ElectroHouse.wav');
INSERT INTO "sound" VALUES(185,'http://api.dev.locosonic.com/system/uploads/location_sound/file/185/boom_boom2_8_beat_Dm_90.wav');
INSERT INTO "sound" VALUES(191,'http://api.dev.locosonic.com/system/uploads/location_sound/file/191/9oBpM_FLoWErS_Evil_Creams_-_8.wav');
INSERT INTO "sound" VALUES(193,'http://api.dev.locosonic.com/system/uploads/location_sound/file/193/solo_trumpet_-01in_F_-_90bpm.wav');
INSERT INTO "sound" VALUES(195,'http://api.dev.locosonic.com/system/uploads/location_sound/file/195/7r_p2_90bpm.wav');
INSERT INTO "sound" VALUES(198,'http://api.dev.locosonic.com/system/uploads/location_sound/file/198/solo_trumpet_-04in_F_-_90bpm.wav');
INSERT INTO "sound" VALUES(199,'http://api.dev.locosonic.com/system/uploads/location_sound/file/199/escrwewd.wav');
INSERT INTO "sound" VALUES(200,'http://api.dev.locosonic.com/system/uploads/location_sound/file/200/druudd.wav');
INSERT INTO "sound" VALUES(201,'http://api.dev.locosonic.com/system/uploads/location_sound/file/201/bass_muted_raw_90bpm.wav');
INSERT INTO "sound" VALUES(202,'http://api.dev.locosonic.com/system/uploads/location_sound/file/202/wari.wav');
INSERT INTO "sound" VALUES(203,'http://api.dev.locosonic.com/system/uploads/location_sound/file/203/warz.wav');
INSERT INTO "sound" VALUES(209,'http://api.dev.locosonic.com/system/uploads/location_sound/file/209/drumloop-90bpm.wav');
INSERT INTO "sound" VALUES(211,'http://api.dev.locosonic.com/system/uploads/location_sound/file/211/layered2.wav');
INSERT INTO "sound" VALUES(212,'http://api.dev.locosonic.com/system/uploads/location_sound/file/212/90bpm_2bar_BusyReverb.wav');
INSERT INTO "sound" VALUES(220,'http://api.dev.locosonic.com/system/uploads/location_sound/file/220/glass_house2.wav');
INSERT INTO "sound" VALUES(224,'http://api.dev.locosonic.com/system/uploads/location_sound/file/224/124bpmsRhodes.wav');
INSERT INTO "sound" VALUES(225,'http://api.dev.locosonic.com/system/uploads/location_sound/file/225/BirdSongEaster2002NL.wav');
INSERT INTO "sound" VALUES(226,'http://api.dev.locosonic.com/system/uploads/location_sound/file/226/8_bar_160.2.wav');
INSERT INTO "sound" VALUES(238,'http://api.dev.locosonic.com/system/uploads/location_sound/file/238/IMPROV_PERCS_101_2_BARS_130_BPM.wav');
INSERT INTO "sound" VALUES(239,'http://api.dev.locosonic.com/system/uploads/location_sound/file/239/IMPROV_PERCS_047_1_BAR_130_BPM.wav');
INSERT INTO "sound" VALUES(240,'http://api.dev.locosonic.com/system/uploads/location_sound/file/240/car-start.mp3');
INSERT INTO "sound" VALUES(242,'http://api.dev.locosonic.com/system/uploads/location_sound/file/242/vroom.wav');
INSERT INTO "sound" VALUES(243,'http://api.dev.locosonic.com/system/uploads/location_sound/file/243/Fart_Struggle.wav');
INSERT INTO "sound" VALUES(248,'http://api.dev.locosonic.com/system/uploads/location_sound/file/248/BBG-E07-Birds.mp3');
INSERT INTO "sound" VALUES(249,'http://api.dev.locosonic.com/system/uploads/location_sound/file/249/Noise05.wav');
INSERT INTO "sound" VALUES(250,'http://api.dev.locosonic.com/system/uploads/location_sound/file/250/squirb.wav');
INSERT INTO "sound" VALUES(251,'http://api.dev.locosonic.com/system/uploads/location_sound/file/251/harmonicnoise.wav');
INSERT INTO "sound" VALUES(253,'http://api.dev.locosonic.com/system/uploads/location_sound/file/253/160bpm_groove_-4.wav');
INSERT INTO "sound" VALUES(376,'http://api.dev.locosonic.com/system/uploads/location_sound/file/376/Click');
INSERT INTO "sound" VALUES(377,'http://api.dev.locosonic.com/system/uploads/location_sound/file/377/Trumpet1.wav');
INSERT INTO "sound" VALUES(378,'http://api.dev.locosonic.com/system/uploads/location_sound/file/378/beat_combio_8.aif');
INSERT INTO "sound" VALUES(425,'http://api.dev.locosonic.com/system/uploads/location_sound/file/425/st_guitar_delay.aif');
INSERT INTO "sound" VALUES(426,'http://api.dev.locosonic.com/system/uploads/location_sound/file/426/Guitar_E_chord.wav');
CREATE TABLE sound_file_info (sound_id INTEGER,channels INTEGER,sample_rate REAL,frames INTEGER);
CREATE TABLE location_sound (id INTEGER PRIMARY KEY,location_id INTEGER,sound_id INTEGER,volume REAL,onset_quantization REAL,onset_quantization_phase REAL,offset_quantization REAL,offset_quantization_phase REAL,duration REAL,repetitions REAL);
INSERT INTO "location_sound" VALUES(61,199,198,1.0,0.0,0.0,0.0,0.0,0.0,0.0);
INSERT INTO "location_sound" VALUES(62,199,191,1.0,0.0,0.0,0.0,0.0,0.0,0.0);
INSERT INTO "location_sound" VALUES(63,200,185,1.0,0.0,0.0,0.0,0.0,0.0,0.0);
INSERT INTO "location_sound" VALUES(65,201,191,1.0,0.0,0.0,0.0,0.0,0.0,0.0);
INSERT INTO "location_sound" VALUES(66,202,195,0.59,0.0,0.0,0.0,0.0,0.0,0.0);
INSERT INTO "location_sound" VALUES(67,202,191,0.68,0.0,0.0,0.0,0.0,0.0,0.0);
INSERT INTO "location_sound" VALUES(68,202,199,1.0,0.0,0.0,0.0,0.0,0.0,0.0);
INSERT INTO "location_sound" VALUES(69,203,201,1.0,0.0,0.0,0.0,0.0,0.0,0.0);
INSERT INTO "location_sound" VALUES(70,203,191,1.0,-2.0,0.0,0.0,0.0,0.0,0.0);
INSERT INTO "location_sound" VALUES(71,204,211,1.0,0.0,0.0,0.0,0.0,0.0,0.0);
INSERT INTO "location_sound" VALUES(72,205,193,1.0,0.0,0.0,0.0,0.0,0.0,0.0);
INSERT INTO "location_sound" VALUES(73,205,212,1.0,0.0,0.0,0.0,0.0,0.0,0.0);
INSERT INTO "location_sound" VALUES(74,206,209,1.0,0.0,0.0,0.0,0.0,0.0,0.0);
INSERT INTO "location_sound" VALUES(75,207,200,1.0,0.0,0.0,0.0,0.0,0.0,0.0);
INSERT INTO "location_sound" VALUES(76,208,211,1.0,0.0,0.0,0.0,0.0,0.0,0.0);
INSERT INTO "location_sound" VALUES(77,209,220,1.0,0.0,0.0,0.0,0.0,0.0,1.0);
INSERT INTO "location_sound" VALUES(78,210,225,1.0,0.0,0.0,0.0,0.0,0.0,0.0);
INSERT INTO "location_sound" VALUES(79,212,226,1.0,0.0,0.0,0.0,0.0,0.0,0.0);
INSERT INTO "location_sound" VALUES(86,229,242,1.0,0.0,0.0,0.0,0.0,0.0,0.0);
INSERT INTO "location_sound" VALUES(87,230,239,1.0,0.0,0.0,0.0,0.0,0.0,0.0);
INSERT INTO "location_sound" VALUES(88,231,240,1.0,0.0,0.0,0.0,0.0,0.0,0.0);
INSERT INTO "location_sound" VALUES(89,232,238,1.0,0.0,0.0,0.0,0.0,0.0,0.0);
INSERT INTO "location_sound" VALUES(90,234,243,1.0,0.0,0.0,0.0,0.0,0.0,0.0);
INSERT INTO "location_sound" VALUES(91,235,225,1.0,0.0,0.0,0.0,0.0,0.0,0.0);
INSERT INTO "location_sound" VALUES(109,243,250,1.0,0.0,0.0,0.0,0.0,0.0,0.0);
INSERT INTO "location_sound" VALUES(110,243,249,1.0,0.0,0.0,0.0,0.0,0.0,0.0);
INSERT INTO "location_sound" VALUES(111,244,251,1.0,0.0,0.0,0.0,0.0,0.0,0.0);
INSERT INTO "location_sound" VALUES(112,245,250,1.0,0.0,0.0,0.0,0.0,0.0,0.0);
INSERT INTO "location_sound" VALUES(113,245,249,1.0,0.0,0.0,0.0,0.0,0.0,0.0);
INSERT INTO "location_sound" VALUES(114,245,248,1.0,0.0,0.0,0.0,0.0,0.0,0.0);
INSERT INTO "location_sound" VALUES(115,246,224,1.0,0.0,0.0,0.0,0.0,0.0,0.0);
INSERT INTO "location_sound" VALUES(116,246,253,1.0,0.0,0.0,0.0,0.0,0.0,0.0);
INSERT INTO "location_sound" VALUES(117,247,253,1.0,0.0,0.0,0.0,0.0,0.0,0.0);
INSERT INTO "location_sound" VALUES(118,247,200,1.0,0.0,0.0,0.0,0.0,0.0,0.0);
INSERT INTO "location_sound" VALUES(119,248,202,1.0,0.0,0.0,0.0,0.0,0.0,0.0);
INSERT INTO "location_sound" VALUES(120,248,203,1.0,0.0,0.0,0.0,0.0,0.0,0.0);
INSERT INTO "location_sound" VALUES(121,249,178,1.0,0.0,0.0,0.0,0.0,0.0,0.0);
INSERT INTO "location_sound" VALUES(420,210,425,0.2,0.0,0.0,0.0,0.0,0.0,0.0);
INSERT INTO "location_sound" VALUES(421,210,426,0.2,0.0,0.0,0.0,0.0,0.0,0.0);
INSERT INTO "location_sound" VALUES(422,479,376,0.2,0.0,0.0,0.0,0.0,0.0,0.0);
INSERT INTO "location_sound" VALUES(423,479,377,0.2,0.0,0.0,0.0,0.0,0.0,0.0);
INSERT INTO "location_sound" VALUES(424,479,378,0.2,0.0,0.0,0.0,0.0,0.0,0.0);
INSERT INTO "location_sound" VALUES(425,479,425,0.2,0.0,0.0,0.0,0.0,0.0,0.0);
PRAGMA writable_schema=OFF;
COMMIT;
