PRAGMA foreign_keys=OFF;
BEGIN TRANSACTION;
CREATE TABLE soundscape (id INTEGER PRIMARY KEY,name TEXT,tempo REAL,meter_nominator INTEGER,meter_denominator INTEGER);
INSERT INTO "soundscape" VALUES(48,'wawa',2.06667,4,4);
CREATE TABLE location (id INTEGER PRIMARY KEY,soundscape_id INTEGER,latitude REAL,longitude REAL,radius REAL,volume REAL,distance_scale_parameter REAL);
INSERT INTO "location" VALUES(969,48,5.21970350158577787178e+01,2.10254850983619689941e+01,20.0,1.0,0.1);
INSERT INTO "location" VALUES(970,48,5.21970498123458455114e+01,2.1025266498327255249e+01,10.0,1.0,0.1);
INSERT INTO "location" VALUES(971,48,5.21969174658059529301e+01,2.10255213081836700439e+01,25.0,1.0,0.1);
INSERT INTO "location" VALUES(972,48,52.1972290138651,21.0249325633049,25.0,1.0,0.1);
INSERT INTO "location" VALUES(973,48,5.21969297962455556225e+01,2.1025549471378326416e+01,12.0,1.0,0.1);
INSERT INTO "location" VALUES(974,48,5.21971073541967669475e+01,2.10252651572227478027e+01,22.0,1.0,0.1);
INSERT INTO "location" VALUES(977,48,5.21967177122073380237e+01,2.10256755352020263671e+01,25.0,1.0,0.1);
PRAGMA writable_schema=ON;
INSERT INTO sqlite_master(type,name,tbl_name,rootpage,sql)VALUES('table','location_index','location_index',0,'CREATE VIRTUAL TABLE location_index USING rtree (id, min_latitude, max_latitude, min_longitude, max_longitude)');
CREATE TABLE "location_index_node"(nodeno INTEGER PRIMARY KEY, data BLOB);
INSERT INTO "location_index_node" VALUES(1,X'0000000700000000000003C94250C9944250C9F341A8339641A834CD00000000000003CA4250C9AE4250C9E141A8337141A8340C00000000000003CB4250C9684250C9E041A8338441A8350500000000000003CC4250C9BB4250CA3341A8324E41A833D100000000000003CD4250C98A4250C9C641A833F641A834B000000000000003CE4250C9A14250CA0C41A8331441A8346900000000000003D14250C9354250C9AD41A833D541A835560000000000000000000000000000000000000000000000000000000000000000000000000000000000000000000000000000000000000000000000000000000000000000000000000000000000000000000000000000000000000000000000000000000000000000000000000000000000000000000000000000000000000000000000000000000000000000000000000000000000000000000000000000000000000000000000000000000000000000000000000000000000000000000000000000000000000000000000000000000000000000000000000000000000000000000000000000000000000000000000000000000000000000000000000000000000000000000000000000000000000000000000000000000000000000000000000000000000000000000000000000000000000000000000000000000000000000000000000000000000000000000000000000000000000000000000000000000000000000000000000000000000000000000000000000000000000000000000000000000000000000000000000000000000000000000000000000000000000000000000000000000000000000000000000000000000000000000000000000000000000000000000000000000000000000000000000000000000000000000000000000000000000000000000000000000000000000000000000000000000000000000000000000000000000000000000000000000000000000000000000000000000000000000000000000000000000000000000000000000000000000000000000000000000000000000000000000000000000000000000000000000000000000000000000000000000000000000000000000000000000000000000000000000000000000000000000000000000000000000000000000000000000000000000000000000000000000000000000000000000000000000000000000000000000000000000000000000000000000000000000000000000000000000000000000000000000000000000000000000000000000000000000000000000000000000000000000000000000000000000000000000000000000');
CREATE TABLE "location_index_rowid"(rowid INTEGER PRIMARY KEY, nodeno INTEGER);
INSERT INTO "location_index_rowid" VALUES(969,1);
INSERT INTO "location_index_rowid" VALUES(970,1);
INSERT INTO "location_index_rowid" VALUES(971,1);
INSERT INTO "location_index_rowid" VALUES(972,1);
INSERT INTO "location_index_rowid" VALUES(973,1);
INSERT INTO "location_index_rowid" VALUES(974,1);
INSERT INTO "location_index_rowid" VALUES(977,1);
CREATE TABLE "location_index_parent"(nodeno INTEGER PRIMARY KEY, parentnode INTEGER);
CREATE TABLE sound (id INTEGER PRIMARY KEY,data TEXT);
INSERT INTO "sound" VALUES(745,'http://api.dev.locosonic.com/system/uploads/location_sound/file/745/strings_jam_5_-_warmup.wav');
INSERT INTO "sound" VALUES(746,'http://api.dev.locosonic.com/system/uploads/location_sound/file/746/Radio_Inaudible.aif');
INSERT INTO "sound" VALUES(748,'http://api.dev.locosonic.com/system/uploads/location_sound/file/748/Jazz124bpm.wav');
INSERT INTO "sound" VALUES(749,'http://api.dev.locosonic.com/system/uploads/location_sound/file/749/Guiro.124bpm.wav');
INSERT INTO "sound" VALUES(750,'http://api.dev.locosonic.com/system/uploads/location_sound/file/750/bra_naa_naa_2.wav');
INSERT INTO "sound" VALUES(751,'http://api.dev.locosonic.com/system/uploads/location_sound/file/751/riley_poem.wav');
CREATE TABLE sound_file_info (sound_id INTEGER,channels INTEGER,sample_rate REAL,frames INTEGER);
CREATE TABLE location_sound (id INTEGER PRIMARY KEY,location_id INTEGER,sound_id INTEGER,volume REAL,onset_quantization REAL,onset_quantization_phase REAL,offset_quantization REAL,offset_quantization_phase REAL,duration REAL,repetitions REAL);
INSERT INTO "location_sound" VALUES(810,969,745,1.0,0.0,0.0,0.0,0.0,0.0,1.0);
INSERT INTO "location_sound" VALUES(811,970,746,1.0,0.0,0.0,0.0,0.0,0.0,4.0);
INSERT INTO "location_sound" VALUES(813,972,748,1.0,-1.0,0.0,0.0,0.0,0.0,0.0);
INSERT INTO "location_sound" VALUES(814,971,749,1.0,1.0,0.0,0.0,0.0,2.0,0.0);
INSERT INTO "location_sound" VALUES(815,973,750,1.0,1.0,0.0,0.0,0.0,-2.0,8.0);
INSERT INTO "location_sound" VALUES(816,974,751,1.0,0.0,0.0,0.0,0.0,0.0,1.0);
PRAGMA writable_schema=OFF;
COMMIT;
