PRAGMA foreign_keys=OFF;
BEGIN TRANSACTION;
CREATE TABLE soundscape (id INTEGER PRIMARY KEY,name TEXT,tempo REAL,meter_nominator INTEGER,meter_denominator INTEGER);
INSERT INTO "soundscape" VALUES(91,'Santa Maria del Mar',1.9,4,4);
CREATE TABLE location (id INTEGER PRIMARY KEY,soundscape_id INTEGER,latitude REAL,longitude REAL,radius REAL,volume REAL,distance_scale_parameter REAL);
INSERT INTO "location" VALUES(1578,91,41.3837483932889,2.18227274715900421142e+00,5.0,1.0,0.1);
INSERT INTO "location" VALUES(1579,91,4.13838082638783220099e+01,2.18241222202777862548e+00,7.0,1.0,0.0104713);
INSERT INTO "location" VALUES(1580,91,4.13836930506784383965e+01,2.18244239687919616699e+00,5.0,1.0,0.0104713);
INSERT INTO "location" VALUES(1581,91,4.13836497827863354376e+01,2.18230225145816802978e+00,7.0,1.0,0.0104713);
INSERT INTO "location" VALUES(1582,91,4.13835486565542751699e+01,2.18213260173797607421e+00,9.0,0.735783,0.1);
INSERT INTO "location" VALUES(1593,91,4.13833534472633104419e+01,2.18219697475433349609e+00,12.0,1.0,0.1);
INSERT INTO "location" VALUES(1594,91,4.13843496122513698765e+01,2.18213796615600585937e+00,14.0,0.794328,0.1);
INSERT INTO "location" VALUES(1608,91,4.13842449653334441004e+01,2.18198508024215698242e+00,29.0,1.07833,0.0776247);
INSERT INTO "location" VALUES(1609,91,4.13838947994227481777e+01,2.18150496482849121093e+00,12.0,1.0,0.1);
INSERT INTO "location" VALUES(1614,91,4.13844381595119301673e+01,2.18261539936065673828e+00,12.0,1.0,0.1);
INSERT INTO "location" VALUES(1616,91,4.13835868933567709851e+01,2.18120992183685302734e+00,15.0,1.0,0.1);
INSERT INTO "location" VALUES(1617,91,4.13841564178101464213e+01,2.18237668275833129882e+00,169.0,0.794328,0.1);
INSERT INTO "location" VALUES(1734,91,4.13842872266086700969e+01,2.18309819698333740234e+00,78.0,0.793414,0.0104713);
INSERT INTO "location" VALUES(1735,91,4.13841906293677510566e+01,2.18250811100006103515e+00,20.0,0.794328,0.0104713);
INSERT INTO "location" VALUES(1736,91,4.1383735815427030503e+01,2.18240618705749511718e+00,24.0,0.794328,0.0104713);
INSERT INTO "location" VALUES(1737,91,4.13834943200062852506e+01,2.18222379684448242187e+00,26.0,0.681161,0.0104713);
INSERT INTO "location" VALUES(1738,91,4.13834580956157225281e+01,2.1817785501480102539e+00,25.0,0.925231,0.0104713);
INSERT INTO "location" VALUES(1739,91,4.13835345693048850534e+01,2.18115091323852539062e+00,33.0,0.794328,0.0104713);
INSERT INTO "location" VALUES(1740,91,4.1384061832822212068e+01,2.18169808387756347656e+00,41.0,0.793414,0.0457088);
INSERT INTO "location" VALUES(1741,91,4.13839410858295622111e+01,2.18181878328323364257e+00,20.0,0.582774,0.0104713);
INSERT INTO "location" VALUES(1742,91,4.13836955662525696197e+01,2.18159615993499755859e+00,13.0,0.794328,0.0104713);
INSERT INTO "location" VALUES(1743,91,4.13846856887134677532e+01,2.18280315399169921875e+00,23.0,0.681161,0.0138038);
INSERT INTO "location" VALUES(1744,91,4.13832105617409098377e+01,2.18509107828140258789e+00,71.0,1.0,0.1);
PRAGMA writable_schema=ON;
INSERT INTO sqlite_master(type,name,tbl_name,rootpage,sql)VALUES('table','location_index','location_index',0,'CREATE VIRTUAL TABLE location_index USING rtree (id, min_latitude, max_latitude, min_longitude, max_longitude)');
CREATE TABLE "location_index_node"(nodeno INTEGER PRIMARY KEY, data BLOB);
INSERT INTO "location_index_node" VALUES(1,X'00000017000000000000062A422588E842258902400BA95F400BAB57000000000000062B422588F342258916400BAB44400BAE05000000000000062C422588DB422588F3400BAC26400BAE1F000000000000062D422588CA422588EC400BA977400BAC37000000000000062E422588AA422588D7400BA64B400BA9D4000000000000063942258870422588AB400BA6C2400BAB79000000000000063A42258971422589B4400BA566400BAAE6000000000000064842258933422589BC400B9FF2400BAB570000000000000649422588FF42258939400B9B6B400BA023000000000000064E4225898D422589C8400BAD9D400BB2540000000000000650422588A6422588F0400B95FF400B9BE40000000000000651422587D142258AEF400B8ADE400BCD4000000000000006C6422588C942258A3C400BA890400BC73300000000000006C74225893A4225899A400BAA49400BB22400000000000006C8422588B94225892B400BA7D4400BB14200000000000006C942258875422588F1400BA472400BAEAA00000000000006CA4225886E422588E5400B9D59400BA72C00000000000006CB4225886F4225890C400B917E400B9E7600000000000006CC422588E6422589A9400B98E3400BA8FF00000000000006CD422588F742258958400B9EFD400BA6D900000000000006CE422588C842258907400B9CB7400BA1D400000000000006CF422589B442258A23400BAE87400BB79100000000000006D0422587C042258910400BCA96400BE67A0000000000000000000000000000000000000000000000000000000000000000000000000000000000000000000000000000000000000000000000000000000000000000000000000000000000000000000000000000000000000000000000000000000000000000000000000000000000000000000000000000000000000000000000000000000000000000000000000000000000000000000000000000000000000000000000000000000000000000000000000000000000000000000000000000000000000000000000000000000000000000000000000000000000000000000000000000000000000000000000000000000000000000000000000000000000000000000000000000000000000000000000000000000000000000000000000000000000000000000000000000000000000000000000000000000000000000000000000000000000000000000000000000000000000000000000000000000000000000000000000000000000000000000000000000000000000000000000000000000000000000000000000000000000000000');
CREATE TABLE "location_index_rowid"(rowid INTEGER PRIMARY KEY, nodeno INTEGER);
INSERT INTO "location_index_rowid" VALUES(1578,1);
INSERT INTO "location_index_rowid" VALUES(1579,1);
INSERT INTO "location_index_rowid" VALUES(1580,1);
INSERT INTO "location_index_rowid" VALUES(1581,1);
INSERT INTO "location_index_rowid" VALUES(1582,1);
INSERT INTO "location_index_rowid" VALUES(1593,1);
INSERT INTO "location_index_rowid" VALUES(1594,1);
INSERT INTO "location_index_rowid" VALUES(1608,1);
INSERT INTO "location_index_rowid" VALUES(1609,1);
INSERT INTO "location_index_rowid" VALUES(1614,1);
INSERT INTO "location_index_rowid" VALUES(1616,1);
INSERT INTO "location_index_rowid" VALUES(1617,1);
INSERT INTO "location_index_rowid" VALUES(1734,1);
INSERT INTO "location_index_rowid" VALUES(1735,1);
INSERT INTO "location_index_rowid" VALUES(1736,1);
INSERT INTO "location_index_rowid" VALUES(1737,1);
INSERT INTO "location_index_rowid" VALUES(1738,1);
INSERT INTO "location_index_rowid" VALUES(1739,1);
INSERT INTO "location_index_rowid" VALUES(1740,1);
INSERT INTO "location_index_rowid" VALUES(1741,1);
INSERT INTO "location_index_rowid" VALUES(1742,1);
INSERT INTO "location_index_rowid" VALUES(1743,1);
INSERT INTO "location_index_rowid" VALUES(1744,1);
CREATE TABLE "location_index_parent"(nodeno INTEGER PRIMARY KEY, parentnode INTEGER);
CREATE TABLE sound (id INTEGER PRIMARY KEY,data TEXT);
INSERT INTO "sound" VALUES(1387,'http://api.dev.locosonic.com/system/uploads/location_sound/file/1387/Afussellament.wav');
INSERT INTO "sound" VALUES(1388,'http://api.dev.locosonic.com/system/uploads/location_sound/file/1388/Cavall.wav');
INSERT INTO "sound" VALUES(1389,'http://api.dev.locosonic.com/system/uploads/location_sound/file/1389/Campana_prima.wav');
INSERT INTO "sound" VALUES(1390,'http://api.dev.locosonic.com/system/uploads/location_sound/file/1390/Campana_gruixuda.wav');
INSERT INTO "sound" VALUES(1391,'http://api.dev.locosonic.com/system/uploads/location_sound/file/1391/Carruatge.wav');
INSERT INTO "sound" VALUES(1392,'http://api.dev.locosonic.com/system/uploads/location_sound/file/1392/Persiana.wav');
INSERT INTO "sound" VALUES(1393,'http://api.dev.locosonic.com/system/uploads/location_sound/file/1393/Mar.wav');
INSERT INTO "sound" VALUES(1394,'http://api.dev.locosonic.com/system/uploads/location_sound/file/1394/Pala.wav');
INSERT INTO "sound" VALUES(1396,'http://api.dev.locosonic.com/system/uploads/location_sound/file/1396/Nens_jugant.wav');
INSERT INTO "sound" VALUES(1397,'http://api.dev.locosonic.com/system/uploads/location_sound/file/1397/Foc.wav');
INSERT INTO "sound" VALUES(1595,'http://api.dev.locosonic.com/system/uploads/location_sound/file/1595/Arpes_i_sintes_16_c.wav');
INSERT INTO "sound" VALUES(1596,'http://api.dev.locosonic.com/system/uploads/location_sound/file/1596/Cor_fossar_10_c.wav');
INSERT INTO "sound" VALUES(1597,'http://api.dev.locosonic.com/system/uploads/location_sound/file/1597/Canon_deduc_me_16c.wav');
INSERT INTO "sound" VALUES(1598,'http://api.dev.locosonic.com/system/uploads/location_sound/file/1598/Cor_fa_ana_amb_instruments_10c.wav');
INSERT INTO "sound" VALUES(1600,'http://api.dev.locosonic.com/system/uploads/location_sound/file/1600/Redimeme_cor_veus_10_c.wav');
INSERT INTO "sound" VALUES(1601,'http://api.dev.locosonic.com/system/uploads/location_sound/file/1601/Veus_aurora_10_c..wav');
INSERT INTO "sound" VALUES(1602,'http://api.dev.locosonic.com/system/uploads/location_sound/file/1602/Composicio_emite_amb_instru.wav');
INSERT INTO "sound" VALUES(1603,'http://api.dev.locosonic.com/system/uploads/location_sound/file/1603/Piano___sinte_40_c.wav');
INSERT INTO "sound" VALUES(1605,'http://api.dev.locosonic.com/system/uploads/location_sound/file/1605/Tiorba_baix_orgue_50c.wav');
INSERT INTO "sound" VALUES(1793,'http://api.dev.locosonic.com/system/uploads/location_sound/file/1793/120_bpm_tech_beat');
CREATE TABLE sound_file_info (sound_id INTEGER,channels INTEGER,sample_rate REAL,frames INTEGER);
CREATE TABLE location_sound (id INTEGER PRIMARY KEY,location_id INTEGER,sound_id INTEGER,volume REAL,onset_quantization REAL,onset_quantization_phase REAL,offset_quantization REAL,offset_quantization_phase REAL,duration REAL,repetitions REAL);
INSERT INTO "location_sound" VALUES(1614,1578,1397,1.0,0.0,0.0,0.0,0.0,0.0,0.0);
INSERT INTO "location_sound" VALUES(1615,1579,1394,0.627697,0.0,0.0,0.0,0.0,0.0,0.0);
INSERT INTO "location_sound" VALUES(1616,1580,1387,1.2735,0.0,0.0,-10.0,0.0,0.0,1.0);
INSERT INTO "location_sound" VALUES(1617,1581,1394,0.62842,0.0,0.0,0.0,0.0,0.0,0.0);
INSERT INTO "location_sound" VALUES(1618,1582,1389,1.0,0.0,0.0,-10.0,0.0,0.0,1.0);
INSERT INTO "location_sound" VALUES(1627,1593,1392,1.0,0.0,0.0,-5.0,0.0,0.0,0.0);
INSERT INTO "location_sound" VALUES(1628,1594,1390,0.726106,0.0,0.0,0.0,0.0,0.0,1.0);
INSERT INTO "location_sound" VALUES(1661,1608,1396,1.0,0.0,0.0,0.0,0.0,0.0,0.0);
INSERT INTO "location_sound" VALUES(1662,1609,1392,1.0,0.0,0.0,0.0,0.0,0.0,0.0);
INSERT INTO "location_sound" VALUES(1673,1614,1391,1.0,0.0,0.0,0.0,0.0,0.0,0.0);
INSERT INTO "location_sound" VALUES(1674,1616,1388,1.36066,0.0,0.0,0.0,0.0,0.0,0.0);
INSERT INTO "location_sound" VALUES(1677,1617,1393,1.0,0.0,0.0,0.0,0.0,0.0,0.0);
INSERT INTO "location_sound" VALUES(1921,1735,1601,0.630957,-5.0,0.0,-5.0,0.0,-10.0,0.0);
INSERT INTO "location_sound" VALUES(1922,1736,1596,1.0,-5.0,0.0,-5.0,0.0,-10.0,0.0);
INSERT INTO "location_sound" VALUES(1923,1737,1603,0.743875,-5.0,0.0,-5.0,0.0,-40.0,0.0);
INSERT INTO "location_sound" VALUES(1925,1738,1598,1.18645,-5.0,0.0,-5.0,0.0,-10.0,0.0);
INSERT INTO "location_sound" VALUES(1926,1739,1602,1.0,-5.0,0.0,-5.0,0.0,-35.0,0.0);
INSERT INTO "location_sound" VALUES(1927,1740,1595,1.0,-4.0,0.0,-8.0,0.0,-16.0,0.0);
INSERT INTO "location_sound" VALUES(1928,1741,1597,0.535797,-4.0,0.0,-4.0,0.0,-16.0,0.0);
INSERT INTO "location_sound" VALUES(1929,1734,1605,1.0,-5.0,0.0,-5.0,0.0,-50.0,0.0);
INSERT INTO "location_sound" VALUES(1930,1737,1605,0.743875,-5.0,0.0,-5.0,0.0,-50.0,0.0);
INSERT INTO "location_sound" VALUES(1931,1742,1390,0.924698,0.0,0.0,-10.0,0.0,0.0,0.0);
INSERT INTO "location_sound" VALUES(1933,1743,1600,0.539821,-5.0,0.0,-5.0,0.0,-10.0,0.0);
INSERT INTO "location_sound" VALUES(1934,1739,1605,1.0,-5.0,0.0,-5.0,0.0,-50.0,0.0);
INSERT INTO "location_sound" VALUES(2121,1744,1793,1.3591,0.0,0.0,0.0,0.0,0.0,0.0);
PRAGMA writable_schema=OFF;
COMMIT;
