PRAGMA foreign_keys=OFF;
BEGIN TRANSACTION;
CREATE TABLE soundscape (id INTEGER PRIMARY KEY,name TEXT,tempo REAL,meter_nominator INTEGER,meter_denominator INTEGER);
INSERT INTO "soundscape" VALUES(95,'Sagrada Familia',1.46667,4,4);
CREATE TABLE location (id INTEGER PRIMARY KEY,soundscape_id INTEGER,latitude REAL,longitude REAL,radius REAL,volume REAL,distance_scale_parameter REAL);
INSERT INTO "location" VALUES(892,95,41.4039417792817,2.17499256134033203125e+00,8.0,1.0,0.0104713);
INSERT INTO "location" VALUES(895,95,4.14040423708357749896e+01,2.17388480901718139648e+00,17.0,1.0,0.1);
INSERT INTO "location" VALUES(896,95,4.1403915625452214046e+01,2.17372655868530273437e+00,14.0,1.0,0.1);
INSERT INTO "location" VALUES(898,95,4.14033784637015358489e+01,2.17339664697647094726e+00,12.0,1.0,0.1);
INSERT INTO "location" VALUES(899,95,4.14024268516466875666e+01,2.17280119657516479492e+00,80.0,1.0,0.1);
INSERT INTO "location" VALUES(904,95,4.14034247362368574858e+01,2.17539757490158081054e+00,43.0,1.0,0.229087);
INSERT INTO "location" VALUES(1620,95,4.14040775778428766801e+01,2.1748141944408416748e+00,7.0,0.501187,0.0104713);
INSERT INTO "location" VALUES(1621,95,4.14043531977537142534e+01,2.17476323246955871582e+00,9.0,1.0,0.0104713);
INSERT INTO "location" VALUES(1622,95,4.1404102725693455512e+01,2.1751454472541809082e+00,7.0,1.0,0.018197);
INSERT INTO "location" VALUES(1624,95,4.14045091136088885255e+01,2.17503815889358520507e+00,12.0,0.630957,0.0104713);
INSERT INTO "location" VALUES(1625,95,41.4046499405114,2.17516422271728515625e+00,12.0,0.215402,0.0104713);
INSERT INTO "location" VALUES(1626,95,4.14041168084855115694e+01,2.17565506696701049804e+00,12.0,0.1711,0.0104713);
INSERT INTO "location" VALUES(1627,95,4.14046318342124592976e+01,2.17513740062713623046e+00,33.0,0.107833,0.0104713);
INSERT INTO "location" VALUES(1628,95,4.14042355061830349418e+01,2.175807952880859375e+00,29.0,0.232675,0.1);
INSERT INTO "location" VALUES(1629,95,4.14042596480610356488e+01,2.17586159706115722656e+00,17.0,0.341389,0.1);
INSERT INTO "location" VALUES(1634,95,4.14040665127855547203e+01,2.17387139797210693359e+00,63.0,1.0,0.0104713);
INSERT INTO "location" VALUES(1636,95,4.14041831987498269978e+01,2.17417180538177490234e+00,24.0,1.0,0.457088);
INSERT INTO "location" VALUES(1639,95,4.14045161549611933065e+01,2.17450574040412902832e+00,34.0,1.0,0.18197);
INSERT INTO "location" VALUES(1640,95,4.14037768087960600382e+01,2.17354685068130493164e+00,20.0,1.0,0.977237);
INSERT INTO "location" VALUES(1641,95,4.14036560984192121299e+01,2.17340737581253051757e+00,9.0,1.0,0.549541);
INSERT INTO "location" VALUES(1642,95,4.14040282880276180313e+01,2.1738821268081665039e+00,7.0,1.0,0.1);
INSERT INTO "location" VALUES(1650,95,41.4038985248656,2.17536807060241699218e+00,7.0,1.0,0.0104713);
INSERT INTO "location" VALUES(1651,95,41.4038069863552,2.17514812946319580078e+00,6.0,1.0,0.0104713);
INSERT INTO "location" VALUES(1652,95,4.14026783361025962904e+01,2.17246592044830322265e+00,21.0,1.0,0.1);
INSERT INTO "location" VALUES(1653,95,4.14028151432378876961e+01,2.17411816120147705078e+00,18.0,1.0,0.1);
INSERT INTO "location" VALUES(1654,95,4.14019419868686497929e+01,2.17315256595611572265e+00,44.0,1.0,0.1);
INSERT INTO "location" VALUES(1655,95,4.14026481580192537998e+01,2.17217355966568,49.0,1.0,0.1);
INSERT INTO "location" VALUES(1723,95,4.14030082822326548361e+01,2.17369973659515380859e+00,85.0,1.0,0.0104713);
INSERT INTO "location" VALUES(1724,95,4.14030807092077495195e+01,2.17372119426727294921e+00,32.0,1.0,0.0104713);
INSERT INTO "location" VALUES(1725,95,4.14030646143313347824e+01,2.17488527297973632812e+00,52.0,1.25893,0.0204174);
INSERT INTO "location" VALUES(1726,95,4.1404542308549132203e+01,2.17574223875999450683e+00,32.0,1.0,0.0104713);
INSERT INTO "location" VALUES(1727,95,4.14045060958862691773e+01,2.17502340674400329589e+00,15.0,1.0,0.0104713);
INSERT INTO "location" VALUES(1728,95,4.14036762168308527512e+01,2.17572480440139770507e+00,32.0,1.0,0.25704);
INSERT INTO "location" VALUES(1729,95,41.4040765719287,2.17511862516403198242e+00,36.0,1.0,0.0104713);
INSERT INTO "location" VALUES(1731,95,4.14042395298299652477e+01,2.1753412485122680664e+00,74.0,1.0,0.1);
PRAGMA writable_schema=ON;
INSERT INTO sqlite_master(type,name,tbl_name,rootpage,sql)VALUES('table','location_index','location_index',0,'CREATE VIRTUAL TABLE location_index USING rtree (id, min_latitude, max_latitude, min_longitude, max_longitude)');
CREATE TABLE "location_index_node"(nodeno INTEGER PRIMARY KEY, data BLOB);
INSERT INTO "location_index_node" VALUES(1,X'00000023000000000000037C42259D9042259DB6400B3181400B34A7000000000000037F42259D9542259DE7400B1D96400B2445000000000000038042259D7B42259DBE400B1B95400B2117000000000000038242259CF242259D2C400B1692400B1B4A000000000000038342259B5942259CD4400AFF75400B1EE4000000000000038842259CB642259D81400B3144400B422A000000000000065442259DB642259DD8400B2EC7400B3188000000000000065542259DF842259E24400B2D8C400B3117000000000000065642259DBB42259DDE400B3435400B36F6000000000000065842259E1B42259E54400B3177400B362F000000000000065942259E4042259E79400B3387400B3841000000000000065A42259DB342259DEE400B3B93400B404B000000000000065B42259E0A42259EA6400B2EF7400B3BF0000000000000065C42259DAA42259E36400B3ABD400B4623000000000000065D42259DCE42259E20400B3DFA400B44A8000000000000066242259D2F42259E59400B1455400B2D16000000000000066442259DA842259E1B400B20E9400B2A5A000000000000066742259DE942259E8A400B246C400B31C8000000000000066842259D4742259DA7400B1776400B1F53000000000000066942259D4242259D6F400B1756400B1AE0000000000000066A42259DA942259DCB400B1F82400B2243000000000000067242259D8742259DA9400B37DA400B3A9C000000000000067342259D7142259D8E400B3472400B36CF000000000000067442259C2642259C8B400B058E400B0DCF000000000000067542259C5142259CA7400B2137400B284A000000000000067642259B2E42259C00400B0C49400B1D94000000000000067742259BDC42259CC5400AFB44400B0E8500000000000006BB42259BE542259D77400B0D32400B2E9900000000000006BC42259C7442259D0D400B17F6400B248900000000000006BD42259C4242259D38400B271A400B3B8A00000000000006BE42259DF442259E8C400B3913400B45A600000000000006BF42259E1342259E5C400B30A3400B368800000000000006C042259D1142259DA9400B38CA400B455E00000000000006C142259D7142259E1C400B2E12400B3C3800000000000006C342259D4142259EA1400B2A41400B47540000000000000000000000000000000000000000000000000000000000000000000000000000000000000000000000000000000000000000000000000000000000000000000000000000000000000000000000000000000000000000000000000000000000000000000000000000000000000000');
CREATE TABLE "location_index_rowid"(rowid INTEGER PRIMARY KEY, nodeno INTEGER);
INSERT INTO "location_index_rowid" VALUES(892,1);
INSERT INTO "location_index_rowid" VALUES(895,1);
INSERT INTO "location_index_rowid" VALUES(896,1);
INSERT INTO "location_index_rowid" VALUES(898,1);
INSERT INTO "location_index_rowid" VALUES(899,1);
INSERT INTO "location_index_rowid" VALUES(904,1);
INSERT INTO "location_index_rowid" VALUES(1620,1);
INSERT INTO "location_index_rowid" VALUES(1621,1);
INSERT INTO "location_index_rowid" VALUES(1622,1);
INSERT INTO "location_index_rowid" VALUES(1624,1);
INSERT INTO "location_index_rowid" VALUES(1625,1);
INSERT INTO "location_index_rowid" VALUES(1626,1);
INSERT INTO "location_index_rowid" VALUES(1627,1);
INSERT INTO "location_index_rowid" VALUES(1628,1);
INSERT INTO "location_index_rowid" VALUES(1629,1);
INSERT INTO "location_index_rowid" VALUES(1634,1);
INSERT INTO "location_index_rowid" VALUES(1636,1);
INSERT INTO "location_index_rowid" VALUES(1639,1);
INSERT INTO "location_index_rowid" VALUES(1640,1);
INSERT INTO "location_index_rowid" VALUES(1641,1);
INSERT INTO "location_index_rowid" VALUES(1642,1);
INSERT INTO "location_index_rowid" VALUES(1650,1);
INSERT INTO "location_index_rowid" VALUES(1651,1);
INSERT INTO "location_index_rowid" VALUES(1652,1);
INSERT INTO "location_index_rowid" VALUES(1653,1);
INSERT INTO "location_index_rowid" VALUES(1654,1);
INSERT INTO "location_index_rowid" VALUES(1655,1);
INSERT INTO "location_index_rowid" VALUES(1723,1);
INSERT INTO "location_index_rowid" VALUES(1724,1);
INSERT INTO "location_index_rowid" VALUES(1725,1);
INSERT INTO "location_index_rowid" VALUES(1726,1);
INSERT INTO "location_index_rowid" VALUES(1727,1);
INSERT INTO "location_index_rowid" VALUES(1728,1);
INSERT INTO "location_index_rowid" VALUES(1729,1);
INSERT INTO "location_index_rowid" VALUES(1731,1);
CREATE TABLE "location_index_parent"(nodeno INTEGER PRIMARY KEY, parentnode INTEGER);
CREATE TABLE sound (id INTEGER PRIMARY KEY,data TEXT);
INSERT INTO "sound" VALUES(1484,'http://api.dev.locosonic.com/system/uploads/location_sound/file/1484/Pregaria_L.wav');
INSERT INTO "sound" VALUES(1486,'http://api.dev.locosonic.com/system/uploads/location_sound/file/1486/Ambient_general.wav');
INSERT INTO "sound" VALUES(1489,'http://api.dev.locosonic.com/system/uploads/location_sound/file/1489/Susurros.wav');
INSERT INTO "sound" VALUES(1491,'http://api.dev.locosonic.com/system/uploads/location_sound/file/1491/Pregaria_R.wav');
INSERT INTO "sound" VALUES(1493,'http://api.dev.locosonic.com/system/uploads/location_sound/file/1493/Coloms.wav');
INSERT INTO "sound" VALUES(1494,'http://api.dev.locosonic.com/system/uploads/location_sound/file/1494/Snake___Apple.wav');
INSERT INTO "sound" VALUES(1495,'http://api.dev.locosonic.com/system/uploads/location_sound/file/1495/Cordero_de_dios.wav');
INSERT INTO "sound" VALUES(1496,'http://api.dev.locosonic.com/system/uploads/location_sound/file/1496/Granota_1.wav');
INSERT INTO "sound" VALUES(1497,'http://api.dev.locosonic.com/system/uploads/location_sound/file/1497/Tramvia.wav');
INSERT INTO "sound" VALUES(1498,'http://api.dev.locosonic.com/system/uploads/location_sound/file/1498/Anecs.wav');
INSERT INTO "sound" VALUES(1499,'http://api.dev.locosonic.com/system/uploads/location_sound/file/1499/Base._Aigua___granotes.wav');
INSERT INTO "sound" VALUES(1500,'http://api.dev.locosonic.com/system/uploads/location_sound/file/1500/Granota_2.wav');
INSERT INTO "sound" VALUES(1501,'http://api.dev.locosonic.com/system/uploads/location_sound/file/1501/Obres.wav');
INSERT INTO "sound" VALUES(1518,'http://api.dev.locosonic.com/system/uploads/location_sound/file/1518/Cant_croata.wav');
INSERT INTO "sound" VALUES(1522,'http://api.dev.locosonic.com/system/uploads/location_sound/file/1522/Batir_ales_1.wav');
INSERT INTO "sound" VALUES(1523,'http://api.dev.locosonic.com/system/uploads/location_sound/file/1523/Batir_ales_2.wav');
INSERT INTO "sound" VALUES(1524,'http://api.dev.locosonic.com/system/uploads/location_sound/file/1524/Batir_ales_3.wav');
INSERT INTO "sound" VALUES(1527,'http://api.dev.locosonic.com/system/uploads/location_sound/file/1527/Boreal_musical.wav');
INSERT INTO "sound" VALUES(1528,'http://api.dev.locosonic.com/system/uploads/location_sound/file/1528/Entrada.wav');
INSERT INTO "sound" VALUES(1581,'http://api.dev.locosonic.com/system/uploads/location_sound/file/1581/Ritme_maquines.wav');
INSERT INTO "sound" VALUES(1582,'http://api.dev.locosonic.com/system/uploads/location_sound/file/1582/Arp___Lead.wav');
INSERT INTO "sound" VALUES(1583,'http://api.dev.locosonic.com/system/uploads/location_sound/file/1583/Base_techno.wav');
INSERT INTO "sound" VALUES(1585,'http://api.dev.locosonic.com/system/uploads/location_sound/file/1585/M_sica_antiga_30_compas.wav');
CREATE TABLE sound_file_info (sound_id INTEGER,channels INTEGER,sample_rate REAL,frames INTEGER);
CREATE TABLE location_sound (id INTEGER PRIMARY KEY,location_id INTEGER,sound_id INTEGER,volume REAL,onset_quantization REAL,onset_quantization_phase REAL,offset_quantization REAL,offset_quantization_phase REAL,duration REAL,repetitions REAL);
INSERT INTO "location_sound" VALUES(1681,892,1494,0.49289,0.0,0.0,-4.0,0.0,0.0,1.0);
INSERT INTO "location_sound" VALUES(1684,1620,1522,0.258077,0.0,0.0,-4.0,0.0,0.0,0.0);
INSERT INTO "location_sound" VALUES(1685,1621,1497,0.590541,0.0,0.0,-4.0,0.0,0.0,1.0);
INSERT INTO "location_sound" VALUES(1686,1622,1493,0.43426,0.0,0.0,-4.0,0.0,0.0,1.0);
INSERT INTO "location_sound" VALUES(1688,1625,1496,0.742164,0.0,0.0,0.0,0.0,0.0,1.0);
INSERT INTO "location_sound" VALUES(1689,1624,1498,0.542625,0.0,0.0,0.0,0.0,0.0,1.0);
INSERT INTO "location_sound" VALUES(1690,1626,1500,1.0,0.0,0.0,0.0,0.0,0.0,1.0);
INSERT INTO "location_sound" VALUES(1691,1627,1499,1.0,0.0,0.0,0.0,0.0,0.0,0.0);
INSERT INTO "location_sound" VALUES(1692,1628,1499,1.0,0.0,0.0,0.0,0.0,0.0,0.0);
INSERT INTO "location_sound" VALUES(1693,1629,1498,1.0,0.0,0.0,0.0,0.0,0.0,0.0);
INSERT INTO "location_sound" VALUES(1717,1639,1527,0.319338,0.0,0.0,0.0,0.0,0.0,0.0);
INSERT INTO "location_sound" VALUES(1718,1636,1518,0.939723,0.0,0.0,0.0,0.0,0.0,1.0);
INSERT INTO "location_sound" VALUES(1719,895,1484,0.499459,0.0,0.0,0.0,0.0,0.0,1.0);
INSERT INTO "location_sound" VALUES(1720,896,1491,0.412335,0.0,0.0,0.0,0.0,0.0,1.0);
INSERT INTO "location_sound" VALUES(1721,1640,1495,2.29747,0.0,0.0,0.0,0.0,0.0,0.0);
INSERT INTO "location_sound" VALUES(1722,1641,1489,0.341979,0.0,0.0,0.0,0.0,0.0,0.0);
INSERT INTO "location_sound" VALUES(1723,1642,1489,0.461849,0.0,0.0,0.0,0.0,0.0,0.0);
INSERT INTO "location_sound" VALUES(1724,904,1501,1.22603,0.0,0.0,0.0,0.0,0.0,0.0);
INSERT INTO "location_sound" VALUES(1757,1650,1523,0.459727,0.0,0.0,-4.0,0.0,0.0,1.0);
INSERT INTO "location_sound" VALUES(1758,1651,1524,0.507867,0.0,0.0,-4.0,0.0,0.0,1.0);
INSERT INTO "location_sound" VALUES(1761,898,1528,1.0,0.0,0.0,-4.0,0.0,0.0,1.0);
INSERT INTO "location_sound" VALUES(1762,899,1486,1.10854,0.0,0.0,0.0,0.0,0.0,0.0);
INSERT INTO "location_sound" VALUES(1763,1652,1493,0.392193,0.0,0.0,0.0,0.0,0.0,0.0);
INSERT INTO "location_sound" VALUES(1764,1653,1524,0.559435,0.0,0.0,0.0,0.0,0.0,0.0);
INSERT INTO "location_sound" VALUES(1765,1654,1527,0.536105,0.0,0.0,-16.0,0.0,0.0,0.0);
INSERT INTO "location_sound" VALUES(1766,1655,1527,0.536105,0.0,0.0,-16.0,0.0,0.0,0.0);
INSERT INTO "location_sound" VALUES(1894,1723,1583,1.0,-16.0,0.0,-16.0,0.0,-16.0,0.0);
INSERT INTO "location_sound" VALUES(1895,1724,1582,0.547016,-16.0,0.0,-16.0,0.0,-16.0,0.0);
INSERT INTO "location_sound" VALUES(1896,1725,1581,1.0,-4.0,0.0,-4.0,0.0,-4.0,0.0);
INSERT INTO "location_sound" VALUES(1899,1728,1527,1.0,0.0,0.0,0.0,0.0,0.0,0.0);
INSERT INTO "location_sound" VALUES(1901,1731,1486,1.0,0.0,0.0,0.0,0.0,0.0,0.0);
INSERT INTO "location_sound" VALUES(1902,1634,1581,1.0,-4.0,0.0,-4.0,0.0,-4.0,0.0);
INSERT INTO "location_sound" VALUES(1903,1729,1585,0.811895,0.0,0.0,-34.0,0.0,0.0,0.0);
INSERT INTO "location_sound" VALUES(1904,1726,1585,1.0,0.0,0.0,-16.0,0.0,0.0,0.0);
PRAGMA writable_schema=OFF;
COMMIT;
