PRAGMA foreign_keys=OFF;
BEGIN TRANSACTION;
CREATE TABLE soundscape (id INTEGER PRIMARY KEY,name TEXT,tempo REAL,meter_nominator INTEGER,meter_denominator INTEGER);
INSERT INTO "soundscape" VALUES(96,'MACBA',2.0,4,4);
CREATE TABLE location (id INTEGER PRIMARY KEY,soundscape_id INTEGER,latitude REAL,longitude REAL,radius REAL,volume REAL,distance_scale_parameter REAL);
INSERT INTO "location" VALUES(1619,96,4.13828925900144284355e+01,2.16708004474639892578e+00,59.0,0.498884,0.0104713);
INSERT INTO "location" VALUES(1638,96,4.13828261780024107005e+01,2.16709077358245849609e+00,34.0,0.853591,0.0104713);
INSERT INTO "location" VALUES(1657,96,41.3830435261547,2.16755747795105,23.0,0.541066,0.0954993);
INSERT INTO "location" VALUES(1658,96,4.13827637908982808295e+01,2.16667100787162780761e+00,15.0,0.998849,0.0104713);
INSERT INTO "location" VALUES(1659,96,4.13831381126237829448e+01,2.16728925704956054687e+00,15.0,0.630957,0.0104713);
INSERT INTO "location" VALUES(1660,96,4.13825625417686637774e+01,2.16702908277511596679e+00,20.0,0.541066,0.1);
INSERT INTO "location" VALUES(1661,96,4.13827175036538861272e+01,2.16613858938217163085e+00,13.0,0.541066,0.0112202);
INSERT INTO "location" VALUES(1662,96,4.1382755740945377453e+01,2.16625928878784179687e+00,36.0,0.500611,0.0331131);
INSERT INTO "location" VALUES(1665,96,4.13834339460105766778e+01,2.1660473942756652832e+00,26.0,0.856545,0.0104713);
INSERT INTO "location" VALUES(1670,96,41.3836694042758,2.16658920049667358398e+00,30.0,0.681161,0.0104713);
INSERT INTO "location" VALUES(1671,96,4.13836553170532539525e+01,2.16659456491470336914e+00,16.0,0.541066,0.0104713);
INSERT INTO "location" VALUES(1673,96,4.1383138112623655048e+01,2.16756016016006469726e+00,24.0,0.500611,0.0295121);
INSERT INTO "location" VALUES(1674,96,4.13835989681318636721e+01,2.16735363006591796875e+00,41.0,0.541066,0.0104713);
INSERT INTO "location" VALUES(1675,96,4.13837317905107724422e+01,2.16710686683654785156e+00,16.0,0.541066,0.0104713);
INSERT INTO "location" VALUES(1676,96,4.13833856467743430593e+01,2.16741800308227539062e+00,37.0,0.464248,0.0104713);
INSERT INTO "location" VALUES(1679,96,4.13831964744187743568e+01,2.16603130102157592773e+00,10.0,0.463714,0.0128825);
INSERT INTO "location" VALUES(1681,96,4.13828322154607235443e+01,2.16728791594505310058e+00,9.0,0.541066,0.1);
INSERT INTO "location" VALUES(1682,96,4.13826410290035866506e+01,2.16635048389434814453e+00,18.0,0.398107,0.0245471);
INSERT INTO "location" VALUES(1683,96,4.13828543528038252921e+01,2.16612651944160461425e+00,12.0,1.35753,0.1);
INSERT INTO "location" VALUES(1684,96,4.1383017363915620022e+01,2.1674448251724243164e+00,10.0,0.681161,0.0104713);
INSERT INTO "location" VALUES(1685,96,4.138259272917792231e+01,2.16694056987762451171e+00,9.0,0.630957,0.0104713);
INSERT INTO "location" VALUES(1686,96,4.1383846500528456147e+01,2.16695129871368408203e+00,12.0,0.791589,0.0104713);
INSERT INTO "location" VALUES(1687,96,4.1382880515108652732e+01,2.16736972332000732421e+00,8.0,0.584454,0.0104713);
INSERT INTO "location" VALUES(1732,96,4.13833635096123515512e+01,2.16602861881256103515e+00,49.0,1.0,0.0104713);
INSERT INTO "location" VALUES(1733,96,4.1383393696649740435e+01,2.16604202985763549804e+00,37.0,0.398107,0.0234423);
PRAGMA writable_schema=ON;
INSERT INTO sqlite_master(type,name,tbl_name,rootpage,sql)VALUES('table','location_index','location_index',0,'CREATE VIRTUAL TABLE location_index USING rtree (id, min_latitude, max_latitude, min_longitude, max_longitude)');
CREATE TABLE "location_index_node"(nodeno INTEGER PRIMARY KEY, data BLOB);
INSERT INTO "location_index_node" VALUES(1,X'00000019000000000000065342258789422588A1400AA5DA400ABD070000000000000666422587B342258854400AAAF0400AB84B00000000000006794225880642258873400AB4BE400ABDC8000000000000067A422587CF42258817400AA7CA400AADAF000000000000067B4225883142258879400AB1EB400AB7D1000000000000067C4225878F422587EE400AACAD400AB489000000000000067D422587C842258806400A9F76400AA492000000000000067E4225879C42258846400A9CEC400AAB10000000000000068142258864422588E1400A9B6A400AA5A100000000000006864225889942258929400AA380400AAF4A0000000000000687422588B742258903400AA657400AACA100000000000006894225881B4225888E400AB497400ABE05000000000000068A4225886C4225892F400AADDE400ABDFA000000000000068B422588CB42258917400AAEBC400AB506000000000000068C4225883F422588EF400AAFB5400ABE3F000000000000068F4225884D4225887E400A9E4B400AA23A0000000000000691422587EF4225881C400AB313400AB69D0000000000000692422587A7422587FF400AA1F3400AA9060000000000000693422587ED42258829400A9F75400AA42D00000000000006944225881E4225884F400AB573400AB9620000000000000695422587B1422587DC400AAD63400AB0EC0000000000000696422588F14225892D400AACF9400AB1B00000000000000697422587FE42258825400AB49D400AB7C200000000000006C44225881C42258904400A9697400AA9D600000000000006C542258841422588F0400A992A400AA7B30000000000000000000000000000000000000000000000000000000000000000000000000000000000000000000000000000000000000000000000000000000000000000000000000000000000000000000000000000000000000000000000000000000000000000000000000000000000000000000000000000000000000000000000000000000000000000000000000000000000000000000000000000000000000000000000000000000000000000000000000000000000000000000000000000000000000000000000000000000000000000000000000000000000000000000000000000000000000000000000000000000000000000000000000000000000000000000000000000000000000000000000000000000000000000000000000000000000000000000000000000000000000000000000000000000000000000000000000000000000000000000000000000000000000000000000000000000000000000');
CREATE TABLE "location_index_rowid"(rowid INTEGER PRIMARY KEY, nodeno INTEGER);
INSERT INTO "location_index_rowid" VALUES(1619,1);
INSERT INTO "location_index_rowid" VALUES(1638,1);
INSERT INTO "location_index_rowid" VALUES(1657,1);
INSERT INTO "location_index_rowid" VALUES(1658,1);
INSERT INTO "location_index_rowid" VALUES(1659,1);
INSERT INTO "location_index_rowid" VALUES(1660,1);
INSERT INTO "location_index_rowid" VALUES(1661,1);
INSERT INTO "location_index_rowid" VALUES(1662,1);
INSERT INTO "location_index_rowid" VALUES(1665,1);
INSERT INTO "location_index_rowid" VALUES(1670,1);
INSERT INTO "location_index_rowid" VALUES(1671,1);
INSERT INTO "location_index_rowid" VALUES(1673,1);
INSERT INTO "location_index_rowid" VALUES(1674,1);
INSERT INTO "location_index_rowid" VALUES(1675,1);
INSERT INTO "location_index_rowid" VALUES(1676,1);
INSERT INTO "location_index_rowid" VALUES(1679,1);
INSERT INTO "location_index_rowid" VALUES(1681,1);
INSERT INTO "location_index_rowid" VALUES(1682,1);
INSERT INTO "location_index_rowid" VALUES(1683,1);
INSERT INTO "location_index_rowid" VALUES(1684,1);
INSERT INTO "location_index_rowid" VALUES(1685,1);
INSERT INTO "location_index_rowid" VALUES(1686,1);
INSERT INTO "location_index_rowid" VALUES(1687,1);
INSERT INTO "location_index_rowid" VALUES(1732,1);
INSERT INTO "location_index_rowid" VALUES(1733,1);
CREATE TABLE "location_index_parent"(nodeno INTEGER PRIMARY KEY, parentnode INTEGER);
CREATE TABLE sound (id INTEGER PRIMARY KEY,data TEXT);
INSERT INTO "sound" VALUES(1439,'http://api.dev.locosonic.com/system/uploads/location_sound/file/1439/dark_clave.wav');
INSERT INTO "sound" VALUES(1444,'http://api.dev.locosonic.com/system/uploads/location_sound/file/1444/Marimba.wav');
INSERT INTO "sound" VALUES(1459,'http://api.dev.locosonic.com/system/uploads/location_sound/file/1459/marimba.wav');
INSERT INTO "sound" VALUES(1464,'http://api.dev.locosonic.com/system/uploads/location_sound/file/1464/Marimba.wav');
INSERT INTO "sound" VALUES(1469,'http://api.dev.locosonic.com/system/uploads/location_sound/file/1469/Bicicleta_arriba.wav');
INSERT INTO "sound" VALUES(1470,'http://api.dev.locosonic.com/system/uploads/location_sound/file/1470/Sonagero.wav');
INSERT INTO "sound" VALUES(1472,'http://api.dev.locosonic.com/system/uploads/location_sound/file/1472/Bicicleta_marxa___botzina.wav');
INSERT INTO "sound" VALUES(1475,'http://api.dev.locosonic.com/system/uploads/location_sound/file/1475/Passad_s_Uni.wav');
INSERT INTO "sound" VALUES(1476,'http://api.dev.locosonic.com/system/uploads/location_sound/file/1476/Skate_passant_2.wav');
INSERT INTO "sound" VALUES(1477,'http://api.dev.locosonic.com/system/uploads/location_sound/file/1477/Biblioteca.wav');
INSERT INTO "sound" VALUES(1478,'http://api.dev.locosonic.com/system/uploads/location_sound/file/1478/Skate_passant_1.wav');
INSERT INTO "sound" VALUES(1480,'http://api.dev.locosonic.com/system/uploads/location_sound/file/1480/timbre_bicicleta.wav');
INSERT INTO "sound" VALUES(1481,'http://api.dev.locosonic.com/system/uploads/location_sound/file/1481/Terrassa_Bar.wav');
INSERT INTO "sound" VALUES(1482,'http://api.dev.locosonic.com/system/uploads/location_sound/file/1482/Sk8_MACBA.aif');
INSERT INTO "sound" VALUES(1483,'http://api.dev.locosonic.com/system/uploads/location_sound/file/1483/Nens.wav');
INSERT INTO "sound" VALUES(1520,'http://api.dev.locosonic.com/system/uploads/location_sound/file/1520/Piano_Coldplay.wav');
INSERT INTO "sound" VALUES(1586,'http://api.dev.locosonic.com/system/uploads/location_sound/file/1586/bombo.wav');
INSERT INTO "sound" VALUES(1587,'http://api.dev.locosonic.com/system/uploads/location_sound/file/1587/Base_techno.wav');
INSERT INTO "sound" VALUES(1589,'http://api.dev.locosonic.com/system/uploads/location_sound/file/1589/Base_electro.wav');
INSERT INTO "sound" VALUES(1590,'http://api.dev.locosonic.com/system/uploads/location_sound/file/1590/Veus_dones.wav');
INSERT INTO "sound" VALUES(1591,'http://api.dev.locosonic.com/system/uploads/location_sound/file/1591/Guitarra___piano_acrds.wav');
INSERT INTO "sound" VALUES(1592,'http://api.dev.locosonic.com/system/uploads/location_sound/file/1592/Base.wav');
INSERT INTO "sound" VALUES(1593,'http://api.dev.locosonic.com/system/uploads/location_sound/file/1593/Veus_full.wav');
INSERT INTO "sound" VALUES(1594,'http://api.dev.locosonic.com/system/uploads/location_sound/file/1594/Guitarra_.wav');
CREATE TABLE sound_file_info (sound_id INTEGER,channels INTEGER,sample_rate REAL,frames INTEGER);
CREATE TABLE location_sound (id INTEGER PRIMARY KEY,location_id INTEGER,sound_id INTEGER,volume REAL,onset_quantization REAL,onset_quantization_phase REAL,offset_quantization REAL,offset_quantization_phase REAL,duration REAL,repetitions REAL);
INSERT INTO "location_sound" VALUES(1774,1657,1444,0.914113,-7.0,0.0,-7.0,0.0,-7.0,0.0);
INSERT INTO "location_sound" VALUES(1780,1659,1459,1.0,-7.0,0.0,-7.0,0.0,-7.0,0.0);
INSERT INTO "location_sound" VALUES(1799,1665,1439,0.244343,-7.0,0.0,-7.0,0.0,-7.0,0.0);
INSERT INTO "location_sound" VALUES(1817,1673,1483,1.0,0.0,0.0,0.0,0.0,0.0,0.0);
INSERT INTO "location_sound" VALUES(1820,1675,1477,1.81343,0.0,0.0,-16.0,0.0,0.0,0.0);
INSERT INTO "location_sound" VALUES(1823,1676,1520,0.457615,-7.0,0.0,-7.0,0.0,-7.0,0.0);
INSERT INTO "location_sound" VALUES(1831,1679,1475,0.792501,0.0,0.0,-7.0,0.0,0.0,1.0);
INSERT INTO "location_sound" VALUES(1833,1665,1520,0.415671,-7.0,0.0,-7.0,0.0,-7.0,0.0);
INSERT INTO "location_sound" VALUES(1834,1674,1470,0.519996,0.0,0.0,0.0,0.0,-7.0,0.0);
INSERT INTO "location_sound" VALUES(1836,1681,1480,1.0,0.0,0.0,0.0,0.0,0.0,1.0);
INSERT INTO "location_sound" VALUES(1837,1682,1481,0.511682,0.0,0.0,0.0,0.0,0.0,0.0);
INSERT INTO "location_sound" VALUES(1838,1683,1472,1.0,0.0,0.0,0.0,0.0,0.0,3.0);
INSERT INTO "location_sound" VALUES(1839,1684,1476,1.0,0.0,0.0,0.0,0.0,0.0,1.0);
INSERT INTO "location_sound" VALUES(1840,1685,1482,1.0,0.0,0.0,0.0,0.0,0.0,1.0);
INSERT INTO "location_sound" VALUES(1842,1687,1469,1.0,0.0,0.0,0.0,0.0,0.0,0.0);
INSERT INTO "location_sound" VALUES(1905,1619,1586,1.0,-1.0,0.0,-1.0,0.0,-1.0,0.0);
INSERT INTO "location_sound" VALUES(1906,1638,1587,1.0,-7.0,0.0,-7.0,0.0,-7.0,0.0);
INSERT INTO "location_sound" VALUES(1908,1660,1464,1.0,-7.0,0.0,-7.0,0.0,-7.0,0.0);
INSERT INTO "location_sound" VALUES(1910,1662,1589,1.0,-7.0,0.0,-7.0,0.0,-7.0,0.0);
INSERT INTO "location_sound" VALUES(1911,1658,1478,1.0,0.0,0.0,0.0,0.0,0.0,1.0);
INSERT INTO "location_sound" VALUES(1912,1661,1590,0.9977,-7.0,0.0,-7.0,0.0,-7.0,0.0);
INSERT INTO "location_sound" VALUES(1913,1732,1591,0.547016,-7.0,0.0,-7.0,0.0,-7.0,0.0);
INSERT INTO "location_sound" VALUES(1914,1733,1586,0.998849,-1.0,0.0,-1.0,0.0,-1.0,0.0);
INSERT INTO "location_sound" VALUES(1915,1670,1592,1.0,-7.0,0.0,-7.0,0.0,-7.0,0.0);
INSERT INTO "location_sound" VALUES(1916,1671,1593,1.58672,-7.0,0.0,-7.0,0.0,-7.0,0.0);
INSERT INTO "location_sound" VALUES(1917,1674,1594,0.743875,-7.0,0.0,-7.0,0.0,-7.0,0.0);
INSERT INTO "location_sound" VALUES(1919,1686,1480,1.0,0.0,0.0,0.0,0.0,0.0,0.0);
PRAGMA writable_schema=OFF;
COMMIT;
